developer,topic,title,system_name,topic_experience,experience_objective,experience_subjective,binary_naturalness,naturalness,global_naturalness,correctness,understood,seconds_needed,deceptiveness
USER1,files,org.apache.hadoop.minikdc.MiniKdc.main(java.lang.String[]),hadoop-main,top,0.8,1,natural,6.18999983333333,natural,0,0,66,0
USER1,files,com.hankcs.hanlp.dictionary.CoreBiGramTableDictionary.loadDat(java.lang.String),hanlp,top,0.8,1,natural,6.68744941176471,natural,0,0,417,0
USER1,files,"com.google.devtools.build.android.AndroidResourceOutputs.archiveCompiledResources(java.nio.file.Path,java.nio.file.Path,java.nio.file.Path,java.util.List<java.nio.file.Path>)",bazel-master,top,0.8,1,unnatural,8.980411875,unnatural,0,0,1,0
USER1,files,"org.apache.hadoop.io.nativeio.NativeIO.getCreateForWriteFileOutputStream(java.io.File,int)",hadoop-main,top,0.8,1,unnatural,8.76727851851852,unnatural,0,0,19,0
USER1,servlet,com.google.inject.servlet.ManagedServletPipeline.getRequestDispatcher(java.lang.String),guice-parent,bottom,0,0,unnatural,8.882314,unnatural,0,0,8,0
USER1,servlet,"com.google.refine.commands.browsing.GetScatterplotCommand.doGet(javax.servlet.http.HttpServletRequest,javax.servlet.http.HttpServletResponse)",openrefine,bottom,0,0,natural,7.43462590909091,unnatural,0.333333333333333,1,605,0.666666666666667
USER1,servlet,"org.springframework.web.servlet.mvc.method.annotation.RequestMappingHandlerAdapter.handleInternal(javax.servlet.http.HttpServletRequest,javax.servlet.http.HttpServletResponse,org.springframework.web.method.HandlerMethod)",spring-framework-master,bottom,0,0,unnatural,8.91582357142857,unnatural,0,0,4,0
USER1,servlet,"com.alibaba.druid.support.http.ResourceServlet.returnResourceFile(java.lang.String,java.lang.String,javax.servlet.http.HttpServletResponse)",druid,bottom,0,0,natural,6.8965508,natural,0,0,6,0
USER1,thread,org.elasticsearch.xpack.ml.integration.DatafeedConfigProviderIT.testMultipleCreateAndDeletes(),elasticsearch-master,medium,0.6,2,natural,5.0681552173913,natural,0,0,39,0
USER1,thread,com.alibaba.druid.wall.WallTableStat.addSqlTableStat(com.alibaba.druid.wall.WallSqlTableStat),druid,medium,0.6,2,unnatural,10.6712916129032,unnatural,0.333333333333333,1,208,0.666666666666667
USER1,thread,org.elasticsearch.xpack.ml.integration.JobConfigProviderIT.testCrud(),elasticsearch-master,medium,0.6,2,natural,5.0985105,natural,0,0,5,0
USER1,thread,com.lmax.disruptor.support.FizzBuzzQueueProcessor.run(),disruptor-master,medium,0.6,2,unnatural,8.44858142857143,unnatural,0,1,279,1
USER2,gui,"org.imgscalr.Scalr.crop(java.awt.image.BufferedImage,int,int,int,int,java.awt.image.BufferedImageOp...)",bytecode-viewer-master,medium,0.4,3,natural,6.49169222222222,natural,0.333333333333333,1,2153,0.666666666666667
USER2,gui,"org.jfree.chart.axis.MarkerAxisBand.draw(java.awt.Graphics2D,java.awt.geom.Rectangle2D,java.awt.geom.Rectangle2D,double,double)",jfreechart,medium,0.4,3,natural,7.39376380952381,natural,0.666666666666667,1,329,0.333333333333333
USER2,gui,jadx.gui.utils.TextStandardActions.initActions(),jadx-master,medium,0.4,3,unnatural,7.659966875,unnatural,0,0,7,0
USER2,gui,com.badlogic.gdx.tools.flame.GradientPanel.initializeComponents(),gdx-parent,medium,0.4,3,unnatural,8.6665790909091,unnatural,1,1,320,0
USER2,jdbc,"com.alibaba.druid.benckmark.pool.CaseKylin_mysql.p0(javax.sql.DataSource,java.lang.String,int)",druid,top,1,1,natural,6.39591236842105,natural,0.666666666666667,1,596,0.333333333333333
USER2,jdbc,com.zaxxer.hikari.pool.PoolBase.setupConnection(java.sql.Connection),HikariCP,top,1,1,unnatural,8.82774580645161,unnatural,0.666666666666667,1,376,0.333333333333333
USER2,jdbc,com.alibaba.druid.pool.DruidPooledPreparedStatement.close(),druid,top,1,1,unnatural,8.27918970588235,unnatural,0.666666666666667,1,834,0.333333333333333
USER2,jdbc,"com.alibaba.druid.benckmark.pool.Oracle_Case4.p0(javax.sql.DataSource,java.lang.String,int)",druid,top,1,1,natural,6.52302311111111,natural,0,0,6,0
USER2,socket,org.apache.hadoop.security.authentication.examples.WhoClient.main(java.lang.String[]),hadoop-main,bottom,0,0,natural,5.99106482758621,natural,0,0,7,0
USER2,socket,org.apache.hadoop.ozone.web.ozShell.OzoneAddress.createClient(org.apache.hadoop.hdds.conf.OzoneConfiguration),hadoop-main,bottom,0,0,unnatural,8.31837324324324,unnatural,0,0,91,0
USER2,socket,"io.vertx.core.net.impl.SSLHelper.createUntrustRevokedCertTrustManager(javax.net.ssl.TrustManager[],java.util.ArrayList<java.security.cert.CRL>)",vertx-core,bottom,0,0,unnatural,8.46825787878788,unnatural,0,0,8,0
USER2,socket,jenkins.security.security218.ysoserial.exploit.JSF.main(java.lang.String[]),jenkins-parent,bottom,0,0,natural,5.94756625,natural,0,0,10,0
USER3,gui,jadx.gui.utils.TextStandardActions.initActions(),jadx-master,bottom,0,0,unnatural,7.659966875,unnatural,0,0,66,0
USER3,gui,"org.imgscalr.Scalr.crop(java.awt.image.BufferedImage,int,int,int,int,java.awt.image.BufferedImageOp...)",bytecode-viewer-master,bottom,0,0,natural,6.49169222222222,natural,0.333333333333333,1,985,0.666666666666667
USER3,gui,com.badlogic.gdx.tools.flame.GradientPanel.initializeComponents(),gdx-parent,bottom,0,0,unnatural,8.6665790909091,unnatural,0.333333333333333,1,338,0.666666666666667
USER3,gui,jadx.gui.ui.AboutDialog.initUI(),jadx-master,bottom,0,0,natural,6.40075236842105,natural,0,1,530,1
USER3,servlet,"org.apache.hadoop.yarn.server.timelineservice.reader.TimelineReaderWebServices.getEntities(javax.servlet.http.HttpServletRequest,javax.servlet.http.HttpServletResponse,java.lang.String,java.lang.String,java.lang.String,java.lang.String,java.lang.String,java.lang.String,java.lang.String,java.lang.String,java.lang.String,java.lang.String,java.lang.String,java.lang.String,java.lang.String,java.lang.String,java.lang.String,java.lang.String,java.lang.String,java.lang.String,java.lang.String,java.lang.String,java.lang.String)",hadoop-main,top,0.6,2,natural,7.55555,unnatural,0,0,21,0
USER3,servlet,"org.springframework.web.multipart.support.MultipartFilter.doFilterInternal(javax.servlet.http.HttpServletRequest,javax.servlet.http.HttpServletResponse,javax.servlet.FilterChain)",spring-framework-master,top,0.6,2,unnatural,8.0791152173913,unnatural,0,0,24,0
USER3,servlet,"com.google.refine.commands.recon.ReconJudgeSimilarCellsCommand.createOperation(com.google.refine.model.Project,javax.servlet.http.HttpServletRequest,com.google.refine.browsing.EngineConfig)",openrefine,top,0.6,2,natural,5.89478,natural,0.666666666666667,1,392,0.333333333333333
USER3,servlet,com.google.inject.servlet.ManagedServletPipeline.getRequestDispatcher(java.lang.String),guice-parent,top,0.6,2,unnatural,8.882314,unnatural,0,1,1397,1
USER3,thread,org.elasticsearch.xpack.ml.integration.DatafeedConfigProviderIT.testMultipleCreateAndDeletes(),elasticsearch-master,medium,0.6,2,natural,5.0681552173913,natural,0,0,152,0
USER3,thread,org.elasticsearch.xpack.ml.integration.JobConfigProviderIT.testCrud(),elasticsearch-master,medium,0.6,2,natural,5.0985105,natural,0,0,13,0
USER3,thread,com.alibaba.druid.wall.WallTableStat.addSqlTableStat(com.alibaba.druid.wall.WallSqlTableStat),druid,medium,0.6,2,unnatural,10.6712916129032,unnatural,0.333333333333333,1,401,0.666666666666667
USER3,thread,com.lmax.disruptor.support.FizzBuzzQueueProcessor.run(),disruptor-master,medium,0.6,2,unnatural,8.44858142857143,unnatural,0.333333333333333,1,543,0.666666666666667
USER4,collections,org.elasticsearch.xpack.test.rest.XPackRestIT.disableMonitoring(),elasticsearch-master,medium,0.6,2,natural,6.26288685714285,natural,0,0,26,0
USER4,collections,com.google.devtools.build.lib.packages.SkylarkSemanticsOptions.toSkylarkSemantics(),bazel-master,medium,0.6,2,unnatural,7.55630666666667,unnatural,0,0,115,0
USER4,collections,org.elasticsearch.search.aggregations.bucket.GeoDistanceIT.setupSuiteScopeCluster(),elasticsearch-master,medium,0.6,2,natural,5.38773074074074,natural,0.666666666666667,1,163,0.333333333333333
USER4,collections,com.google.devtools.build.lib.rules.apple.AppleConfiguration.getMultiArchPlatform(com.google.devtools.build.lib.rules.apple.ApplePlatform.PlatformType),bazel-master,medium,0.6,2,unnatural,8.1631596,unnatural,0.666666666666667,1,161,0.333333333333333
USER4,files,com.hankcs.hanlp.dictionary.CoreBiGramTableDictionary.loadDat(java.lang.String),hanlp,top,1,2,natural,6.68744941176471,natural,1,1,613,0
USER4,files,"org.apache.hadoop.io.nativeio.NativeIO.getCreateForWriteFileOutputStream(java.io.File,int)",hadoop-main,top,1,2,unnatural,8.76727851851852,unnatural,0.666666666666667,1,278,0.333333333333333
USER4,files,"com.google.devtools.build.android.AndroidResourceProcessor.processResources(java.nio.file.Path,java.nio.file.Path,java.nio.file.Path,com.android.repository.Revision,com.android.builder.core.VariantType,boolean,java.lang.String,com.android.builder.model.AaptOptions,java.util.Collection<java.lang.String>,java.util.Collection<java.lang.String>,com.google.devtools.build.android.MergedAndroidData,java.util.List<com.google.devtools.build.android.DependencyAndroidData>,java.nio.file.Path,java.nio.file.Path,java.nio.file.Path,java.nio.file.Path,java.nio.file.Path,java.nio.file.Path)",bazel-master,top,1,2,unnatural,7.366425,natural,0,0,11,0
USER4,files,org.apache.hadoop.minikdc.MiniKdc.main(java.lang.String[]),hadoop-main,top,1,2,natural,6.18999983333333,natural,0,0,40,0
USER4,socket,org.apache.hadoop.ozone.web.ozShell.OzoneAddress.createClient(org.apache.hadoop.hdds.conf.OzoneConfiguration),hadoop-main,bottom,0,0,unnatural,8.31837324324324,unnatural,1,1,278,0
USER4,socket,"io.vertx.core.net.impl.SSLHelper.createUntrustRevokedCertTrustManager(javax.net.ssl.TrustManager[],java.util.ArrayList<java.security.cert.CRL>)",vertx-core,bottom,0,0,unnatural,8.46825787878788,unnatural,0.666666666666667,1,173,0.333333333333333
USER4,socket,jenkins.security.security218.ysoserial.exploit.JSF.main(java.lang.String[]),jenkins-parent,bottom,0,0,natural,5.94756625,natural,0.333333333333333,1,420,0.666666666666667
USER4,socket,org.apache.hadoop.security.authentication.examples.WhoClient.main(java.lang.String[]),hadoop-main,bottom,0,0,natural,5.99106482758621,natural,1,1,183,0
USER5,gui,jadx.gui.utils.TextStandardActions.initActions(),jadx-master,medium,0.4,3,unnatural,7.659966875,unnatural,1,1,695,0
USER5,gui,org.jfree.chart.ui.LCBLayout.minimumLayoutSize(java.awt.Container),jfreechart,medium,0.4,3,unnatural,8.9193328,unnatural,0,1,196,1
USER5,gui,"org.imgscalr.Scalr.crop(java.awt.image.BufferedImage,int,int,int,int,java.awt.image.BufferedImageOp...)",bytecode-viewer-master,medium,0.4,3,natural,6.49169222222222,natural,0,0,194,0
USER5,gui,"org.jfree.chart.axis.MarkerAxisBand.draw(java.awt.Graphics2D,java.awt.geom.Rectangle2D,java.awt.geom.Rectangle2D,double,double)",jfreechart,medium,0.4,3,natural,7.39376380952381,natural,0.333333333333333,1,176,0.666666666666667
USER5,servlet,"com.google.refine.commands.recon.ReconJudgeSimilarCellsCommand.createOperation(com.google.refine.model.Project,javax.servlet.http.HttpServletRequest,com.google.refine.browsing.EngineConfig)",openrefine,top,0.6,1,natural,5.89478,natural,0,0,23,0
USER5,servlet,"org.springframework.web.servlet.mvc.method.annotation.RequestMappingHandlerAdapter.handleInternal(javax.servlet.http.HttpServletRequest,javax.servlet.http.HttpServletResponse,org.springframework.web.method.HandlerMethod)",spring-framework-master,top,0.6,1,unnatural,8.91582357142857,unnatural,0,0,9,0
USER5,servlet,com.google.inject.servlet.ManagedServletPipeline.getRequestDispatcher(java.lang.String),guice-parent,top,0.6,1,unnatural,8.882314,unnatural,0.333333333333333,1,554,0.666666666666667
USER5,servlet,"org.apache.hadoop.yarn.server.timelineservice.reader.TimelineReaderWebServices.getEntities(javax.servlet.http.HttpServletRequest,javax.servlet.http.HttpServletResponse,java.lang.String,java.lang.String,java.lang.String,java.lang.String,java.lang.String,java.lang.String,java.lang.String,java.lang.String,java.lang.String,java.lang.String,java.lang.String,java.lang.String,java.lang.String,java.lang.String,java.lang.String,java.lang.String,java.lang.String,java.lang.String,java.lang.String,java.lang.String,java.lang.String)",hadoop-main,top,0.6,1,natural,7.55555,unnatural,0,0,335,0
USER5,socket,org.apache.hadoop.security.authentication.examples.WhoClient.main(java.lang.String[]),hadoop-main,bottom,0,0,natural,5.99106482758621,natural,0,0,62,0
USER5,socket,jenkins.security.security218.ysoserial.exploit.JSF.main(java.lang.String[]),jenkins-parent,bottom,0,0,natural,5.94756625,natural,0,0,0,0
USER5,socket,"io.vertx.core.net.impl.SSLHelper.createUntrustRevokedCertTrustManager(javax.net.ssl.TrustManager[],java.util.ArrayList<java.security.cert.CRL>)",vertx-core,bottom,0,0,unnatural,8.46825787878788,unnatural,0,0,81,0
USER5,socket,org.apache.hadoop.ozone.web.ozShell.OzoneAddress.createClient(org.apache.hadoop.hdds.conf.OzoneConfiguration),hadoop-main,bottom,0,0,unnatural,8.31837324324324,unnatural,0,0,112,0
USER6,files,"org.apache.hadoop.io.nativeio.NativeIO.getCreateForWriteFileOutputStream(java.io.File,int)",hadoop-main,top,0.8,1,unnatural,8.76727851851852,unnatural,1,1,755,0
USER6,files,com.hankcs.hanlp.dictionary.CoreBiGramTableDictionary.loadDat(java.lang.String),hanlp,top,0.8,1,natural,6.68744941176471,natural,0.666666666666667,1,897,0.333333333333333
USER6,files,org.apache.hadoop.minikdc.MiniKdc.main(java.lang.String[]),hadoop-main,top,0.8,1,natural,6.18999983333333,natural,0,0,279,0
USER6,files,"com.google.devtools.build.android.AndroidResourceOutputs.archiveCompiledResources(java.nio.file.Path,java.nio.file.Path,java.nio.file.Path,java.util.List<java.nio.file.Path>)",bazel-master,top,0.8,1,unnatural,8.980411875,unnatural,0,0,484,0
USER6,jdbc,"com.alibaba.druid.benckmark.pool.CaseKylin_mysql.p0(javax.sql.DataSource,java.lang.String,int)",druid,medium,0.6,1,natural,6.39591236842105,natural,0,0,1266,0
USER6,jdbc,com.alibaba.druid.pool.DruidPooledPreparedStatement.close(),druid,medium,0.6,1,unnatural,8.27918970588235,unnatural,1,1,1084,0
USER6,jdbc,"com.alibaba.druid.benckmark.pool.Oracle_Case4.p0(javax.sql.DataSource,java.lang.String,int)",druid,medium,0.6,1,natural,6.52302311111111,natural,1,1,227,0
USER6,jdbc,com.zaxxer.hikari.pool.PoolBase.setupConnection(java.sql.Connection),HikariCP,medium,0.6,1,unnatural,8.82774580645161,unnatural,0.666666666666667,1,405,0.333333333333333
USER6,socket,jenkins.security.security218.ysoserial.exploit.JSF.main(java.lang.String[]),jenkins-parent,bottom,0,0,natural,5.94756625,natural,0,0,459,0
USER6,socket,org.apache.hadoop.security.authentication.examples.WhoClient.main(java.lang.String[]),hadoop-main,bottom,0,0,natural,5.99106482758621,natural,0,0,44,0
USER6,socket,org.apache.hadoop.ozone.web.ozShell.OzoneAddress.createClient(org.apache.hadoop.hdds.conf.OzoneConfiguration),hadoop-main,bottom,0,0,unnatural,8.31837324324324,unnatural,0,0,350,0
USER6,socket,"io.vertx.core.net.impl.SSLHelper.createUntrustRevokedCertTrustManager(javax.net.ssl.TrustManager[],java.util.ArrayList<java.security.cert.CRL>)",vertx-core,bottom,0,0,unnatural,8.46825787878788,unnatural,0,0,34,0
USER7,gui,"org.jfree.chart.axis.MarkerAxisBand.draw(java.awt.Graphics2D,java.awt.geom.Rectangle2D,java.awt.geom.Rectangle2D,double,double)",jfreechart,medium,0.6,1,natural,7.39376380952381,natural,0,0,17,0
USER7,gui,com.badlogic.gdx.tools.flame.GradientPanel.initializeComponents(),gdx-parent,medium,0.6,1,unnatural,8.6665790909091,unnatural,0,0,19,0
USER7,gui,"org.imgscalr.Scalr.crop(java.awt.image.BufferedImage,int,int,int,int,java.awt.image.BufferedImageOp...)",bytecode-viewer-master,medium,0.6,1,natural,6.49169222222222,natural,0,0,10,0
USER7,gui,jadx.gui.utils.TextStandardActions.initActions(),jadx-master,medium,0.6,1,unnatural,7.659966875,unnatural,0,0,24,0
USER7,jdbc,"com.alibaba.druid.benckmark.pool.CaseKylin_mysql.p0(javax.sql.DataSource,java.lang.String,int)",druid,bottom,0,0,natural,6.39591236842105,natural,0,0,16,0
USER7,jdbc,com.zaxxer.hikari.mocks.MockDataSource.createMockConnection(),HikariCP,bottom,0,0,natural,6.22442161290323,natural,0,0,12,0
USER7,jdbc,com.alibaba.druid.pool.DruidPooledPreparedStatement.close(),druid,bottom,0,0,unnatural,8.27918970588235,unnatural,0,0,77,0
USER7,jdbc,com.zaxxer.hikari.pool.PoolBase.setupConnection(java.sql.Connection),HikariCP,bottom,0,0,unnatural,8.82774580645161,unnatural,0,0,16,0
USER7,socket,jenkins.security.security218.ysoserial.exploit.JSF.main(java.lang.String[]),jenkins-parent,top,1,2,natural,5.94756625,natural,0,0,13,0
USER7,socket,org.apache.hadoop.ozone.web.ozShell.OzoneAddress.createClient(org.apache.hadoop.hdds.conf.OzoneConfiguration),hadoop-main,top,1,2,unnatural,8.31837324324324,unnatural,0,0,184,0
USER7,socket,"io.vertx.core.net.impl.SSLHelper.createUntrustRevokedCertTrustManager(javax.net.ssl.TrustManager[],java.util.ArrayList<java.security.cert.CRL>)",vertx-core,top,1,2,unnatural,8.46825787878788,unnatural,0,0,8,0
USER7,socket,org.apache.hadoop.security.authentication.examples.WhoClient.main(java.lang.String[]),hadoop-main,top,1,2,natural,5.99106482758621,natural,0,0,39,0
USER8,files,"org.apache.hadoop.io.nativeio.NativeIO.getCreateForWriteFileOutputStream(java.io.File,int)",hadoop-main,top,0.4,3,unnatural,8.76727851851852,unnatural,0,1,21,1
USER8,files,com.hankcs.hanlp.dictionary.CoreBiGramTableDictionary.loadDat(java.lang.String),hanlp,top,0.4,3,natural,6.68744941176471,natural,0,0,7,0
USER8,files,"com.google.devtools.build.android.AndroidResourceProcessor.processResources(java.nio.file.Path,java.nio.file.Path,java.nio.file.Path,com.android.repository.Revision,com.android.builder.core.VariantType,boolean,java.lang.String,com.android.builder.model.AaptOptions,java.util.Collection<java.lang.String>,java.util.Collection<java.lang.String>,com.google.devtools.build.android.MergedAndroidData,java.util.List<com.google.devtools.build.android.DependencyAndroidData>,java.nio.file.Path,java.nio.file.Path,java.nio.file.Path,java.nio.file.Path,java.nio.file.Path,java.nio.file.Path)",bazel-master,top,0.4,3,unnatural,7.366425,natural,0,1,10,1
USER8,files,org.apache.hadoop.minikdc.MiniKdc.main(java.lang.String[]),hadoop-main,top,0.4,3,natural,6.18999983333333,natural,0,0,3,0
USER8,servlet,"com.google.refine.commands.browsing.GetScatterplotCommand.doGet(javax.servlet.http.HttpServletRequest,javax.servlet.http.HttpServletResponse)",openrefine,medium,0,0,natural,7.43462590909091,unnatural,0.666666666666667,1,51,0.333333333333333
USER8,servlet,com.google.inject.servlet.ManagedServletPipeline.getRequestDispatcher(java.lang.String),guice-parent,medium,0,0,unnatural,8.882314,unnatural,0.333333333333333,1,97,0.666666666666667
USER8,servlet,"org.springframework.web.servlet.mvc.method.annotation.RequestMappingHandlerAdapter.handleInternal(javax.servlet.http.HttpServletRequest,javax.servlet.http.HttpServletResponse,org.springframework.web.method.HandlerMethod)",spring-framework-master,medium,0,0,unnatural,8.91582357142857,unnatural,0.333333333333333,1,15,0.666666666666667
USER8,servlet,"com.alibaba.druid.support.http.ResourceServlet.returnResourceFile(java.lang.String,java.lang.String,javax.servlet.http.HttpServletResponse)",druid,medium,0,0,natural,6.8965508,natural,0,0,4,0
USER8,thread,org.elasticsearch.xpack.ml.integration.DatafeedConfigProviderIT.testMultipleCreateAndDeletes(),elasticsearch-master,bottom,0,1,natural,5.0681552173913,natural,0.333333333333333,1,26,0.666666666666667
USER8,thread,com.lmax.disruptor.support.FizzBuzzQueueProcessor.run(),disruptor-master,bottom,0,1,unnatural,8.44858142857143,unnatural,0,1,14,1
USER8,thread,com.alibaba.druid.wall.WallTableStat.addSqlTableStat(com.alibaba.druid.wall.WallSqlTableStat),druid,bottom,0,1,unnatural,10.6712916129032,unnatural,0,1,24,1
USER8,thread,org.elasticsearch.xpack.ml.integration.JobConfigProviderIT.testCrud(),elasticsearch-master,bottom,0,1,natural,5.0985105,natural,0,0,3,0
USER9,collections,com.google.devtools.build.lib.packages.SkylarkSemanticsOptions.toSkylarkSemantics(),bazel-master,medium,0.6,4,unnatural,7.55630666666667,unnatural,0,0,146,0
USER9,collections,org.elasticsearch.search.aggregations.bucket.GeoDistanceIT.setupSuiteScopeCluster(),elasticsearch-master,medium,0.6,4,natural,5.38773074074074,natural,1,1,245,0
USER9,files,com.hankcs.hanlp.dictionary.CoreBiGramTableDictionary.loadDat(java.lang.String),hanlp,top,0.8,4,natural,6.68744941176471,natural,0.666666666666667,1,196,0.333333333333333
USER9,files,"org.apache.hadoop.io.nativeio.NativeIO.getCreateForWriteFileOutputStream(java.io.File,int)",hadoop-main,top,0.8,4,unnatural,8.76727851851852,unnatural,1,1,481,0
USER9,reflection,"org.apache.hadoop.yarn.webapp.hamlet.HamletGen.genAttributeMethod(java.lang.String,java.lang.reflect.Method,int)",hadoop-main,bottom,0,0,natural,7.67184038461538,unnatural,1,1,461,0
USER9,reflection,com.netflix.hystrix.contrib.javanica.utils.FallbackMethod.validateReturnType(java.lang.reflect.Method),Hystrix-master,bottom,0,0,unnatural,7.65273111111111,unnatural,1,1,430,0
USER10,files,com.hankcs.hanlp.dictionary.CoreBiGramTableDictionary.loadDat(java.lang.String),hanlp,top,1,4,natural,6.68744941176471,natural,0,0,466,0
USER10,files,"org.apache.hadoop.io.nativeio.NativeIO.getCreateForWriteFileOutputStream(java.io.File,int)",hadoop-main,top,1,4,unnatural,8.76727851851852,unnatural,0.666666666666667,1,489,0.333333333333333
USER10,reflection,com.netflix.hystrix.contrib.javanica.utils.FallbackMethod.validateReturnType(java.lang.reflect.Method),Hystrix-master,bottom,0,0,unnatural,7.65273111111111,unnatural,0.333333333333333,1,214,0.666666666666667
USER10,reflection,"org.apache.hadoop.yarn.webapp.hamlet.HamletGen.genAttributeMethod(java.lang.String,java.lang.reflect.Method,int)",hadoop-main,bottom,0,0,natural,7.67184038461538,unnatural,1,1,1531,0
USER10,servlet,"org.apache.hadoop.yarn.server.timelineservice.reader.TimelineReaderWebServices.getEntities(javax.servlet.http.HttpServletRequest,javax.servlet.http.HttpServletResponse,java.lang.String,java.lang.String,java.lang.String,java.lang.String,java.lang.String,java.lang.String,java.lang.String,java.lang.String,java.lang.String,java.lang.String,java.lang.String,java.lang.String,java.lang.String,java.lang.String,java.lang.String,java.lang.String,java.lang.String,java.lang.String,java.lang.String,java.lang.String,java.lang.String)",hadoop-main,medium,0.6,3,natural,7.55555,unnatural,0,0,43,0
USER10,servlet,com.google.inject.servlet.ManagedServletPipeline.getRequestDispatcher(java.lang.String),guice-parent,medium,0.6,3,unnatural,8.882314,unnatural,0.666666666666667,1,232,0.333333333333333
USER11,files,com.hankcs.hanlp.dictionary.CoreBiGramTableDictionary.loadDat(java.lang.String),hanlp,top,1,2,natural,6.68744941176471,natural,0.333333333333333,1,272,0.666666666666667
USER11,files,org.apache.hadoop.minikdc.MiniKdc.main(java.lang.String[]),hadoop-main,top,1,2,natural,6.18999983333333,natural,0.333333333333333,1,90,0.666666666666667
USER11,files,"org.apache.hadoop.io.nativeio.NativeIO.getCreateForWriteFileOutputStream(java.io.File,int)",hadoop-main,top,1,2,unnatural,8.76727851851852,unnatural,1,1,113,0
USER11,files,"com.google.devtools.build.android.AndroidResourceProcessor.processResources(java.nio.file.Path,java.nio.file.Path,java.nio.file.Path,com.android.repository.Revision,com.android.builder.core.VariantType,boolean,java.lang.String,com.android.builder.model.AaptOptions,java.util.Collection<java.lang.String>,java.util.Collection<java.lang.String>,com.google.devtools.build.android.MergedAndroidData,java.util.List<com.google.devtools.build.android.DependencyAndroidData>,java.nio.file.Path,java.nio.file.Path,java.nio.file.Path,java.nio.file.Path,java.nio.file.Path,java.nio.file.Path)",bazel-master,top,1,2,unnatural,7.366425,natural,0.666666666666667,1,131,0.333333333333333
USER11,gui,com.badlogic.gdx.tools.flame.GradientPanel.initializeComponents(),gdx-parent,medium,0.4,3,unnatural,8.6665790909091,unnatural,0.333333333333333,1,199,0.666666666666667
USER11,gui,"org.imgscalr.Scalr.crop(java.awt.image.BufferedImage,int,int,int,int,java.awt.image.BufferedImageOp...)",bytecode-viewer-master,medium,0.4,3,natural,6.49169222222222,natural,1,1,169,0
USER11,gui,"org.jfree.chart.axis.MarkerAxisBand.draw(java.awt.Graphics2D,java.awt.geom.Rectangle2D,java.awt.geom.Rectangle2D,double,double)",jfreechart,medium,0.4,3,natural,7.39376380952381,natural,0.666666666666667,1,1255,0.333333333333333
USER11,gui,jadx.gui.utils.TextStandardActions.initActions(),jadx-master,medium,0.4,3,unnatural,7.659966875,unnatural,0.666666666666667,1,240,0.333333333333333
USER11,reflection,com.google.common.reflect.TypeToken.isSubtypeOf(java.lang.reflect.Type),guava-parent,bottom,0,0,unnatural,7.93153851851851,unnatural,0,1,194,1
USER11,reflection,"org.apache.hadoop.ipc.CallQueueManager.createCallQueueInstance(java.lang.Class<T>,int,int,java.lang.String,org.apache.hadoop.conf.Configuration)",hadoop-main,bottom,0,0,natural,7.64272692307692,unnatural,0.666666666666667,1,151,0.333333333333333
USER11,reflection,"org.apache.hadoop.yarn.webapp.hamlet.HamletGen.genAttributeMethod(java.lang.String,java.lang.reflect.Method,int)",hadoop-main,bottom,0,0,natural,7.67184038461538,unnatural,1,1,126,0
USER11,reflection,com.netflix.hystrix.contrib.javanica.utils.FallbackMethod.validateReturnType(java.lang.reflect.Method),Hystrix-master,bottom,0,0,unnatural,7.65273111111111,unnatural,0.666666666666667,1,260,0.333333333333333
USER12,files,com.hankcs.hanlp.dictionary.CoreBiGramTableDictionary.loadDat(java.lang.String),hanlp,medium,0.8,4,natural,6.68744941176471,natural,0.333333333333333,1,311,0.666666666666667
USER12,files,"org.apache.hadoop.io.nativeio.NativeIO.getCreateForWriteFileOutputStream(java.io.File,int)",hadoop-main,medium,0.8,4,unnatural,8.76727851851852,unnatural,1,1,155,0
USER12,files,org.apache.hadoop.minikdc.MiniKdc.main(java.lang.String[]),hadoop-main,medium,0.8,4,natural,6.18999983333333,natural,0,0,587,0
USER12,files,"com.google.devtools.build.android.AndroidResourceProcessor.processResources(java.nio.file.Path,java.nio.file.Path,java.nio.file.Path,com.android.repository.Revision,com.android.builder.core.VariantType,boolean,java.lang.String,com.android.builder.model.AaptOptions,java.util.Collection<java.lang.String>,java.util.Collection<java.lang.String>,com.google.devtools.build.android.MergedAndroidData,java.util.List<com.google.devtools.build.android.DependencyAndroidData>,java.nio.file.Path,java.nio.file.Path,java.nio.file.Path,java.nio.file.Path,java.nio.file.Path,java.nio.file.Path)",bazel-master,medium,0.8,4,unnatural,7.366425,natural,0.666666666666667,1,407,0.333333333333333
USER12,jdbc,com.alibaba.druid.pool.DruidPooledPreparedStatement.close(),druid,top,1,3,unnatural,8.27918970588235,unnatural,0.333333333333333,1,1536,0.666666666666667
USER12,jdbc,"com.alibaba.druid.benckmark.pool.Oracle_Case4.p0(javax.sql.DataSource,java.lang.String,int)",druid,top,1,3,natural,6.52302311111111,natural,0.666666666666667,1,151,0.333333333333333
USER12,jdbc,com.zaxxer.hikari.pool.PoolBase.setupConnection(java.sql.Connection),HikariCP,top,1,3,unnatural,8.82774580645161,unnatural,0.666666666666667,1,499,0.333333333333333
USER12,jdbc,"com.alibaba.druid.benckmark.pool.CaseKylin_mysql.p0(javax.sql.DataSource,java.lang.String,int)",druid,top,1,3,natural,6.39591236842105,natural,0.666666666666667,1,414,0.333333333333333
USER12,socket,org.apache.hadoop.security.authentication.examples.WhoClient.main(java.lang.String[]),hadoop-main,bottom,0.6,1,natural,5.99106482758621,natural,1,1,174,0
USER12,socket,org.apache.hadoop.ozone.web.ozShell.OzoneAddress.createClient(org.apache.hadoop.hdds.conf.OzoneConfiguration),hadoop-main,bottom,0.6,1,unnatural,8.31837324324324,unnatural,0.666666666666667,1,182,0.333333333333333
USER12,socket,"org.apache.hadoop.fs.s3native.S3xLoginHelper.checkPath(org.apache.hadoop.conf.Configuration,java.net.URI,org.apache.hadoop.fs.Path,int)",hadoop-main,bottom,0.6,1,unnatural,7.643426,unnatural,1,1,197,0
USER12,socket,jenkins.security.security218.ysoserial.exploit.JSF.main(java.lang.String[]),jenkins-parent,bottom,0.6,1,natural,5.94756625,natural,0.333333333333333,1,210,0.666666666666667
USER13,files,org.apache.hadoop.minikdc.MiniKdc.main(java.lang.String[]),hadoop-main,top,1,2,natural,6.18999983333333,natural,1,1,468,0
USER13,files,"com.google.devtools.build.android.AndroidResourceProcessor.processResources(java.nio.file.Path,java.nio.file.Path,java.nio.file.Path,com.android.repository.Revision,com.android.builder.core.VariantType,boolean,java.lang.String,com.android.builder.model.AaptOptions,java.util.Collection<java.lang.String>,java.util.Collection<java.lang.String>,com.google.devtools.build.android.MergedAndroidData,java.util.List<com.google.devtools.build.android.DependencyAndroidData>,java.nio.file.Path,java.nio.file.Path,java.nio.file.Path,java.nio.file.Path,java.nio.file.Path,java.nio.file.Path)",bazel-master,top,1,2,unnatural,7.366425,natural,0.333333333333333,1,1013,0.666666666666667
USER13,files,"org.apache.hadoop.io.nativeio.NativeIO.getCreateForWriteFileOutputStream(java.io.File,int)",hadoop-main,top,1,2,unnatural,8.76727851851852,unnatural,0.666666666666667,1,627,0.333333333333333
USER13,files,com.hankcs.hanlp.dictionary.CoreBiGramTableDictionary.loadDat(java.lang.String),hanlp,top,1,2,natural,6.68744941176471,natural,0.333333333333333,1,478,0.666666666666667
USER13,jdbc,com.alibaba.druid.pool.DruidPooledPreparedStatement.close(),druid,medium,0.8,4,unnatural,8.27918970588235,unnatural,0.333333333333333,1,425,0.666666666666667
USER13,jdbc,com.zaxxer.hikari.pool.PoolBase.setupConnection(java.sql.Connection),HikariCP,medium,0.8,4,unnatural,8.82774580645161,unnatural,0.666666666666667,1,352,0.333333333333333
USER13,jdbc,"com.alibaba.druid.benckmark.pool.CaseKylin_mysql.p0(javax.sql.DataSource,java.lang.String,int)",druid,medium,0.8,4,natural,6.39591236842105,natural,1,1,484,0
USER13,jdbc,"com.alibaba.druid.benckmark.pool.Oracle_Case4.p0(javax.sql.DataSource,java.lang.String,int)",druid,medium,0.8,4,natural,6.52302311111111,natural,1,1,320,0
USER13,socket,"io.vertx.core.net.impl.SSLHelper.createUntrustRevokedCertTrustManager(javax.net.ssl.TrustManager[],java.util.ArrayList<java.security.cert.CRL>)",vertx-core,bottom,0,0,unnatural,8.46825787878788,unnatural,1,1,502,0
USER13,socket,org.apache.hadoop.ozone.web.ozShell.OzoneAddress.createClient(org.apache.hadoop.hdds.conf.OzoneConfiguration),hadoop-main,bottom,0,0,unnatural,8.31837324324324,unnatural,1,1,695,0
USER13,socket,org.apache.hadoop.security.authentication.examples.WhoClient.main(java.lang.String[]),hadoop-main,bottom,0,0,natural,5.99106482758621,natural,1,1,360,0
USER13,socket,jenkins.security.security218.ysoserial.exploit.JSF.main(java.lang.String[]),jenkins-parent,bottom,0,0,natural,5.94756625,natural,0.333333333333333,1,456,0.666666666666667
USER14,collections,org.elasticsearch.xpack.test.rest.XPackRestIT.disableMonitoring(),elasticsearch-master,medium,0.8,3,natural,6.26288685714285,natural,0.666666666666667,1,240,0.333333333333333
USER14,collections,com.google.devtools.build.lib.rules.apple.AppleConfiguration.getMultiArchPlatform(com.google.devtools.build.lib.rules.apple.ApplePlatform.PlatformType),bazel-master,medium,0.8,3,unnatural,8.1631596,unnatural,1,1,308,0
USER14,collections,com.google.devtools.build.lib.packages.SkylarkSemanticsOptions.toSkylarkSemantics(),bazel-master,medium,0.8,3,unnatural,7.55630666666667,unnatural,0.666666666666667,1,462,0.333333333333333
USER14,collections,org.elasticsearch.search.aggregations.bucket.GeoDistanceIT.setupSuiteScopeCluster(),elasticsearch-master,medium,0.8,3,natural,5.38773074074074,natural,1,1,983,0
USER14,files,"org.apache.hadoop.io.nativeio.NativeIO.getCreateForWriteFileOutputStream(java.io.File,int)",hadoop-main,top,1,3,unnatural,8.76727851851852,unnatural,1,1,251,0
USER14,files,"com.google.devtools.build.android.AndroidResourceProcessor.processResources(java.nio.file.Path,java.nio.file.Path,java.nio.file.Path,com.android.repository.Revision,com.android.builder.core.VariantType,boolean,java.lang.String,com.android.builder.model.AaptOptions,java.util.Collection<java.lang.String>,java.util.Collection<java.lang.String>,com.google.devtools.build.android.MergedAndroidData,java.util.List<com.google.devtools.build.android.DependencyAndroidData>,java.nio.file.Path,java.nio.file.Path,java.nio.file.Path,java.nio.file.Path,java.nio.file.Path,java.nio.file.Path)",bazel-master,top,1,3,unnatural,7.366425,natural,0.666666666666667,1,313,0.333333333333333
USER14,files,org.apache.hadoop.minikdc.MiniKdc.main(java.lang.String[]),hadoop-main,top,1,3,natural,6.18999983333333,natural,0.666666666666667,1,302,0.333333333333333
USER14,files,com.hankcs.hanlp.dictionary.CoreBiGramTableDictionary.loadDat(java.lang.String),hanlp,top,1,3,natural,6.68744941176471,natural,1,1,726,0
USER14,reflection,com.google.common.reflect.TypeToken.isSubtypeOf(java.lang.reflect.Type),guava-parent,bottom,0,0,unnatural,7.93153851851851,unnatural,0.333333333333333,1,664,0.666666666666667
USER14,reflection,"org.apache.hadoop.yarn.webapp.hamlet.HamletGen.genAttributeMethod(java.lang.String,java.lang.reflect.Method,int)",hadoop-main,bottom,0,0,natural,7.67184038461538,unnatural,0,0,149,0
USER14,reflection,"org.apache.hadoop.ipc.CallQueueManager.createCallQueueInstance(java.lang.Class<T>,int,int,java.lang.String,org.apache.hadoop.conf.Configuration)",hadoop-main,bottom,0,0,natural,7.64272692307692,unnatural,1,1,233,0
USER14,reflection,"com.oracle.svm.hosted.analysis.Inflation.fillAnnotatedSuperInfo(com.oracle.graal.pointsto.meta.AnalysisType,com.oracle.svm.core.hub.DynamicHub)",graal-master,bottom,0,0,unnatural,8.36317478260869,unnatural,0,0,151,0
USER15,gui,com.badlogic.gdx.tools.flame.GradientPanel.initializeComponents(),gdx-parent,medium,0.6,4,unnatural,8.6665790909091,unnatural,0.333333333333333,1,239,0.666666666666667
USER15,gui,"org.imgscalr.Scalr.crop(java.awt.image.BufferedImage,int,int,int,int,java.awt.image.BufferedImageOp...)",bytecode-viewer-master,medium,0.6,4,natural,6.49169222222222,natural,1,1,1042,0
USER15,gui,jadx.gui.utils.TextStandardActions.initActions(),jadx-master,medium,0.6,4,unnatural,7.659966875,unnatural,0.666666666666667,1,598,0.333333333333333
USER15,gui,"org.jfree.chart.axis.MarkerAxisBand.draw(java.awt.Graphics2D,java.awt.geom.Rectangle2D,java.awt.geom.Rectangle2D,double,double)",jfreechart,medium,0.6,4,natural,7.39376380952381,natural,1,1,237,0
USER15,servlet,"com.google.refine.commands.recon.ReconJudgeSimilarCellsCommand.createOperation(com.google.refine.model.Project,javax.servlet.http.HttpServletRequest,com.google.refine.browsing.EngineConfig)",openrefine,top,0.8,1,natural,5.89478,natural,0,0,263,0
USER15,servlet,com.google.inject.servlet.ManagedServletPipeline.getRequestDispatcher(java.lang.String),guice-parent,top,0.8,1,unnatural,8.882314,unnatural,0,0,33,0
USER15,servlet,"com.google.refine.commands.cell.TransposeColumnsIntoRowsCommand.doPost(javax.servlet.http.HttpServletRequest,javax.servlet.http.HttpServletResponse)",openrefine,top,0.8,1,natural,6.77228115384615,natural,0,0,2,0
USER15,servlet,"org.springframework.web.servlet.DispatcherServlet.doService(javax.servlet.http.HttpServletRequest,javax.servlet.http.HttpServletResponse)",spring-framework-master,top,0.8,1,unnatural,7.5704425,unnatural,0,0,2,0
USER15,socket,org.apache.hadoop.ozone.web.ozShell.OzoneAddress.createClient(org.apache.hadoop.hdds.conf.OzoneConfiguration),hadoop-main,bottom,0,0,unnatural,8.31837324324324,unnatural,0,0,83,0
USER15,socket,org.apache.hadoop.security.authentication.examples.WhoClient.main(java.lang.String[]),hadoop-main,bottom,0,0,natural,5.99106482758621,natural,0,0,5,0
USER15,socket,jenkins.security.security218.ysoserial.exploit.JSF.main(java.lang.String[]),jenkins-parent,bottom,0,0,natural,5.94756625,natural,0.666666666666667,1,308,0.333333333333333
USER15,socket,"io.vertx.core.net.impl.SSLHelper.createUntrustRevokedCertTrustManager(javax.net.ssl.TrustManager[],java.util.ArrayList<java.security.cert.CRL>)",vertx-core,bottom,0,0,unnatural,8.46825787878788,unnatural,0,0,52,0
USER16,gui,jadx.gui.utils.TextStandardActions.initActions(),jadx-master,top,0.6,3,unnatural,7.659966875,unnatural,0,0,18,0
USER16,gui,"org.imgscalr.Scalr.crop(java.awt.image.BufferedImage,int,int,int,int,java.awt.image.BufferedImageOp...)",bytecode-viewer-master,top,0.6,3,natural,6.49169222222222,natural,1,1,249,0
USER16,gui,"org.jfree.chart.axis.MarkerAxisBand.draw(java.awt.Graphics2D,java.awt.geom.Rectangle2D,java.awt.geom.Rectangle2D,double,double)",jfreechart,top,0.6,3,natural,7.39376380952381,natural,0.666666666666667,1,153,0.333333333333333
USER16,gui,com.badlogic.gdx.tools.flame.GradientPanel.initializeComponents(),gdx-parent,top,0.6,3,unnatural,8.6665790909091,unnatural,0.333333333333333,1,253,0.666666666666667
USER16,reflection,com.google.common.reflect.TypeToken.isSubtypeOf(java.lang.reflect.Type),guava-parent,medium,0,0,unnatural,7.93153851851851,unnatural,0,0,112,0
USER16,reflection,"org.apache.hadoop.yarn.webapp.hamlet.HamletGen.genAttributeMethod(java.lang.String,java.lang.reflect.Method,int)",hadoop-main,medium,0,0,natural,7.67184038461538,unnatural,0,0,86,0
USER16,reflection,"org.apache.hadoop.ipc.CallQueueManager.createCallQueueInstance(java.lang.Class<T>,int,int,java.lang.String,org.apache.hadoop.conf.Configuration)",hadoop-main,medium,0,0,natural,7.64272692307692,unnatural,0,0,17,0
USER16,reflection,com.google.inject.internal.SingleMethodInjector.createMethodInvoker(java.lang.reflect.Method),guice-parent,medium,0,0,unnatural,7.7305473076923,unnatural,0.666666666666667,1,146,0.333333333333333
USER16,socket,"io.vertx.core.net.impl.SSLHelper.createUntrustRevokedCertTrustManager(javax.net.ssl.TrustManager[],java.util.ArrayList<java.security.cert.CRL>)",vertx-core,bottom,0,0,unnatural,8.46825787878788,unnatural,0,0,9,0
USER16,socket,org.apache.hadoop.security.authentication.examples.WhoClient.main(java.lang.String[]),hadoop-main,bottom,0,0,natural,5.99106482758621,natural,0,0,10,0
USER16,socket,jenkins.security.security218.ysoserial.exploit.JSF.main(java.lang.String[]),jenkins-parent,bottom,0,0,natural,5.94756625,natural,0,0,142,0
USER16,socket,org.apache.hadoop.ozone.web.ozShell.OzoneAddress.createClient(org.apache.hadoop.hdds.conf.OzoneConfiguration),hadoop-main,bottom,0,0,unnatural,8.31837324324324,unnatural,0,0,68,0
USER17,files,"com.google.devtools.build.android.AndroidResourceProcessor.processResources(java.nio.file.Path,java.nio.file.Path,java.nio.file.Path,com.android.repository.Revision,com.android.builder.core.VariantType,boolean,java.lang.String,com.android.builder.model.AaptOptions,java.util.Collection<java.lang.String>,java.util.Collection<java.lang.String>,com.google.devtools.build.android.MergedAndroidData,java.util.List<com.google.devtools.build.android.DependencyAndroidData>,java.nio.file.Path,java.nio.file.Path,java.nio.file.Path,java.nio.file.Path,java.nio.file.Path,java.nio.file.Path)",bazel-master,top,0.8,2,unnatural,7.366425,natural,0,0,142,0
USER17,files,org.apache.hadoop.minikdc.MiniKdc.main(java.lang.String[]),hadoop-main,top,0.8,2,natural,6.18999983333333,natural,0,0,8,0
USER17,files,com.hankcs.hanlp.dictionary.CoreBiGramTableDictionary.loadDat(java.lang.String),hanlp,top,0.8,2,natural,6.68744941176471,natural,0,1,497,1
USER17,files,"org.apache.hadoop.io.nativeio.NativeIO.getCreateForWriteFileOutputStream(java.io.File,int)",hadoop-main,top,0.8,2,unnatural,8.76727851851852,unnatural,0,0,24,0
USER17,jdbc,"com.alibaba.druid.benckmark.pool.CaseKylin_mysql.p0(javax.sql.DataSource,java.lang.String,int)",druid,bottom,0,0,natural,6.39591236842105,natural,0.666666666666667,1,498,0.333333333333333
USER17,jdbc,com.alibaba.druid.pool.DruidPooledPreparedStatement.close(),druid,bottom,0,0,unnatural,8.27918970588235,unnatural,0.666666666666667,1,334,0.333333333333333
USER17,jdbc,"com.alibaba.druid.benckmark.pool.Oracle_Case4.p0(javax.sql.DataSource,java.lang.String,int)",druid,bottom,0,0,natural,6.52302311111111,natural,0,0,69,0
USER17,jdbc,com.zaxxer.hikari.pool.PoolBase.setupConnection(java.sql.Connection),HikariCP,bottom,0,0,unnatural,8.82774580645161,unnatural,0.333333333333333,1,285,0.666666666666667
USER17,socket,"io.vertx.core.net.impl.SSLHelper.createUntrustRevokedCertTrustManager(javax.net.ssl.TrustManager[],java.util.ArrayList<java.security.cert.CRL>)",vertx-core,medium,0.4,1,unnatural,8.46825787878788,unnatural,0,0,17,0
USER17,socket,org.apache.hadoop.security.authentication.examples.WhoClient.main(java.lang.String[]),hadoop-main,medium,0.4,1,natural,5.99106482758621,natural,0,0,8,0
USER17,socket,jenkins.security.security218.ysoserial.exploit.JSF.main(java.lang.String[]),jenkins-parent,medium,0.4,1,natural,5.94756625,natural,0,0,33,0
USER17,socket,org.apache.hadoop.ozone.web.ozShell.OzoneAddress.createClient(org.apache.hadoop.hdds.conf.OzoneConfiguration),hadoop-main,medium,0.4,1,unnatural,8.31837324324324,unnatural,0,0,7,0
USER18,jdbc,"com.alibaba.druid.benckmark.pool.Oracle_Case4.p0(javax.sql.DataSource,java.lang.String,int)",druid,medium,0.6,1,natural,6.52302311111111,natural,1,1,299,0
USER18,jdbc,com.alibaba.druid.pool.DruidPooledPreparedStatement.close(),druid,medium,0.6,1,unnatural,8.27918970588235,unnatural,0,0,90,0
USER18,jdbc,"com.alibaba.druid.benckmark.pool.CaseKylin_mysql.p0(javax.sql.DataSource,java.lang.String,int)",druid,medium,0.6,1,natural,6.39591236842105,natural,0,0,81,0
USER18,jdbc,com.zaxxer.hikari.pool.PoolBase.setupConnection(java.sql.Connection),HikariCP,medium,0.6,1,unnatural,8.82774580645161,unnatural,0.333333333333333,1,324,0.666666666666667
USER18,reflection,com.google.common.reflect.TypeToken.isSubtypeOf(java.lang.reflect.Type),guava-parent,bottom,0,0,unnatural,7.93153851851851,unnatural,0.333333333333333,1,402,0.666666666666667
USER18,reflection,com.netflix.hystrix.contrib.javanica.utils.FallbackMethod.validateReturnType(java.lang.reflect.Method),Hystrix-master,bottom,0,0,unnatural,7.65273111111111,unnatural,0,0,26,0
USER18,reflection,"org.apache.hadoop.yarn.webapp.hamlet.HamletGen.genAttributeMethod(java.lang.String,java.lang.reflect.Method,int)",hadoop-main,bottom,0,0,natural,7.67184038461538,unnatural,0.666666666666667,1,386,0.333333333333333
USER18,reflection,"org.apache.hadoop.ipc.CallQueueManager.createCallQueueInstance(java.lang.Class<T>,int,int,java.lang.String,org.apache.hadoop.conf.Configuration)",hadoop-main,bottom,0,0,natural,7.64272692307692,unnatural,0.333333333333333,1,395,0.666666666666667
USER18,servlet,"com.google.refine.commands.recon.ReconJudgeSimilarCellsCommand.createOperation(com.google.refine.model.Project,javax.servlet.http.HttpServletRequest,com.google.refine.browsing.EngineConfig)",openrefine,top,0.8,2,natural,5.89478,natural,0,1,170,1
USER18,servlet,com.google.inject.servlet.ManagedServletPipeline.getRequestDispatcher(java.lang.String),guice-parent,top,0.8,2,unnatural,8.882314,unnatural,0,1,241,1
USER18,servlet,"org.apache.hadoop.yarn.server.timelineservice.reader.TimelineReaderWebServices.getFlowRunApps(javax.servlet.http.HttpServletRequest,javax.servlet.http.HttpServletResponse,java.lang.String,java.lang.String,java.lang.String,java.lang.String,java.lang.String,java.lang.String,java.lang.String,java.lang.String,java.lang.String,java.lang.String,java.lang.String,java.lang.String,java.lang.String,java.lang.String,java.lang.String,java.lang.String,java.lang.String,java.lang.String,java.lang.String)",hadoop-main,top,0.8,2,natural,7.24302,natural,1,1,265,0
USER18,servlet,"com.google.refine.commands.project.ImportProjectCommand.doPost(javax.servlet.http.HttpServletRequest,javax.servlet.http.HttpServletResponse)",openrefine,top,0.8,2,unnatural,7.97963931034483,unnatural,0.333333333333333,1,285,0.666666666666667
USER19,files,"com.google.devtools.build.android.AndroidResourceProcessor.processResources(java.nio.file.Path,java.nio.file.Path,java.nio.file.Path,com.android.repository.Revision,com.android.builder.core.VariantType,boolean,java.lang.String,com.android.builder.model.AaptOptions,java.util.Collection<java.lang.String>,java.util.Collection<java.lang.String>,com.google.devtools.build.android.MergedAndroidData,java.util.List<com.google.devtools.build.android.DependencyAndroidData>,java.nio.file.Path,java.nio.file.Path,java.nio.file.Path,java.nio.file.Path,java.nio.file.Path,java.nio.file.Path)",bazel-master,medium,0.6,2,unnatural,7.366425,natural,0,0,3,0
USER19,files,"org.apache.hadoop.io.nativeio.NativeIO.getCreateForWriteFileOutputStream(java.io.File,int)",hadoop-main,medium,0.6,2,unnatural,8.76727851851852,unnatural,0,0,6,0
USER19,files,com.hankcs.hanlp.dictionary.CoreBiGramTableDictionary.loadDat(java.lang.String),hanlp,medium,0.6,2,natural,6.68744941176471,natural,0,1,251,1
USER19,files,org.apache.hadoop.minikdc.MiniKdc.main(java.lang.String[]),hadoop-main,medium,0.6,2,natural,6.18999983333333,natural,0,0,26,0
USER19,servlet,"org.springframework.web.multipart.support.MultipartFilter.doFilterInternal(javax.servlet.http.HttpServletRequest,javax.servlet.http.HttpServletResponse,javax.servlet.FilterChain)",spring-framework-master,top,0.8,1,unnatural,8.0791152173913,unnatural,0,0,146,0
USER19,servlet,"org.apache.hadoop.yarn.server.timelineservice.reader.TimelineReaderWebServices.getEntities(javax.servlet.http.HttpServletRequest,javax.servlet.http.HttpServletResponse,java.lang.String,java.lang.String,java.lang.String,java.lang.String,java.lang.String,java.lang.String,java.lang.String,java.lang.String,java.lang.String,java.lang.String,java.lang.String,java.lang.String,java.lang.String,java.lang.String,java.lang.String,java.lang.String,java.lang.String,java.lang.String,java.lang.String,java.lang.String,java.lang.String)",hadoop-main,top,0.8,1,natural,7.55555,unnatural,0,0,16,0
USER19,servlet,"org.springframework.web.servlet.DispatcherServlet.doService(javax.servlet.http.HttpServletRequest,javax.servlet.http.HttpServletResponse)",spring-framework-master,top,0.8,1,unnatural,7.5704425,unnatural,0,0,4,0
USER19,servlet,"com.google.refine.commands.recon.ReconJudgeSimilarCellsCommand.createOperation(com.google.refine.model.Project,javax.servlet.http.HttpServletRequest,com.google.refine.browsing.EngineConfig)",openrefine,top,0.8,1,natural,5.89478,natural,0,1,76,1
USER19,socket,"io.vertx.core.net.impl.SSLHelper.createUntrustRevokedCertTrustManager(javax.net.ssl.TrustManager[],java.util.ArrayList<java.security.cert.CRL>)",vertx-core,bottom,0,3,unnatural,8.46825787878788,unnatural,0,0,7,0
USER19,socket,org.apache.hadoop.ozone.web.ozShell.OzoneAddress.createClient(org.apache.hadoop.hdds.conf.OzoneConfiguration),hadoop-main,bottom,0,3,unnatural,8.31837324324324,unnatural,0,0,49,0
USER19,socket,org.apache.hadoop.security.authentication.examples.WhoClient.main(java.lang.String[]),hadoop-main,bottom,0,3,natural,5.99106482758621,natural,0,0,2,0
USER19,socket,jenkins.security.security218.ysoserial.exploit.JSF.main(java.lang.String[]),jenkins-parent,bottom,0,3,natural,5.94756625,natural,0.333333333333333,1,128,0.666666666666667
USER20,files,"org.apache.hadoop.io.nativeio.NativeIO.getCreateForWriteFileOutputStream(java.io.File,int)",hadoop-main,top,1,3,unnatural,8.76727851851852,unnatural,0,0,18,0
USER20,files,com.hankcs.hanlp.dictionary.CoreBiGramTableDictionary.loadDat(java.lang.String),hanlp,top,1,3,natural,6.68744941176471,natural,0,0,2,0
USER20,files,"com.google.devtools.build.android.AndroidResourceProcessor.processResources(java.nio.file.Path,java.nio.file.Path,java.nio.file.Path,com.android.repository.Revision,com.android.builder.core.VariantType,boolean,java.lang.String,com.android.builder.model.AaptOptions,java.util.Collection<java.lang.String>,java.util.Collection<java.lang.String>,com.google.devtools.build.android.MergedAndroidData,java.util.List<com.google.devtools.build.android.DependencyAndroidData>,java.nio.file.Path,java.nio.file.Path,java.nio.file.Path,java.nio.file.Path,java.nio.file.Path,java.nio.file.Path)",bazel-master,top,1,3,unnatural,7.366425,natural,0,0,10,0
USER20,files,org.apache.hadoop.minikdc.MiniKdc.main(java.lang.String[]),hadoop-main,top,1,3,natural,6.18999983333333,natural,0,0,97,0
USER20,gui,com.badlogic.gdx.tools.flame.GradientPanel.initializeComponents(),gdx-parent,medium,0.6,2,unnatural,8.6665790909091,unnatural,0,1,223,1
USER20,gui,"org.jfree.chart.axis.MarkerAxisBand.draw(java.awt.Graphics2D,java.awt.geom.Rectangle2D,java.awt.geom.Rectangle2D,double,double)",jfreechart,medium,0.6,2,natural,7.39376380952381,natural,0,0,8,0
USER20,gui,jadx.gui.utils.TextStandardActions.initActions(),jadx-master,medium,0.6,2,unnatural,7.659966875,unnatural,0,0,45,0
USER20,gui,"org.imgscalr.Scalr.crop(java.awt.image.BufferedImage,int,int,int,int,java.awt.image.BufferedImageOp...)",bytecode-viewer-master,medium,0.6,2,natural,6.49169222222222,natural,0.666666666666667,1,135,0.333333333333333
USER20,socket,org.apache.hadoop.ozone.web.ozShell.OzoneAddress.createClient(org.apache.hadoop.hdds.conf.OzoneConfiguration),hadoop-main,bottom,0,0,unnatural,8.31837324324324,unnatural,0,0,13,0
USER20,socket,"io.vertx.core.net.impl.SSLHelper.createUntrustRevokedCertTrustManager(javax.net.ssl.TrustManager[],java.util.ArrayList<java.security.cert.CRL>)",vertx-core,bottom,0,0,unnatural,8.46825787878788,unnatural,0,0,2,0
USER20,socket,jenkins.security.security218.ysoserial.exploit.JSF.main(java.lang.String[]),jenkins-parent,bottom,0,0,natural,5.94756625,natural,0,0,9,0
USER20,socket,org.apache.hadoop.security.authentication.examples.WhoClient.main(java.lang.String[]),hadoop-main,bottom,0,0,natural,5.99106482758621,natural,0.333333333333333,1,116,0.666666666666667
USER21,files,org.apache.hadoop.minikdc.MiniKdc.main(java.lang.String[]),hadoop-main,top,1,3,natural,6.18999983333333,natural,0.333333333333333,1,697,0.666666666666667
USER21,files,com.hankcs.hanlp.dictionary.CoreBiGramTableDictionary.loadDat(java.lang.String),hanlp,top,1,3,natural,6.68744941176471,natural,0.333333333333333,1,395,0.666666666666667
USER21,files,"com.google.devtools.build.android.AndroidResourceProcessor.processResources(java.nio.file.Path,java.nio.file.Path,java.nio.file.Path,com.android.repository.Revision,com.android.builder.core.VariantType,boolean,java.lang.String,com.android.builder.model.AaptOptions,java.util.Collection<java.lang.String>,java.util.Collection<java.lang.String>,com.google.devtools.build.android.MergedAndroidData,java.util.List<com.google.devtools.build.android.DependencyAndroidData>,java.nio.file.Path,java.nio.file.Path,java.nio.file.Path,java.nio.file.Path,java.nio.file.Path,java.nio.file.Path)",bazel-master,top,1,3,unnatural,7.366425,natural,1,1,657,0
USER21,files,"com.google.devtools.build.android.AndroidResourceOutputs.archiveCompiledResources(java.nio.file.Path,java.nio.file.Path,java.nio.file.Path,java.util.List<java.nio.file.Path>)",bazel-master,top,1,3,unnatural,8.980411875,unnatural,0,1,511,1
USER21,reflection,com.google.common.reflect.TypeToken.isSubtypeOf(java.lang.reflect.Type),guava-parent,bottom,0,0,unnatural,7.93153851851851,unnatural,0.333333333333333,1,334,0.666666666666667
USER21,reflection,com.netflix.hystrix.contrib.javanica.utils.FallbackMethod.validateReturnType(java.lang.reflect.Method),Hystrix-master,bottom,0,0,unnatural,7.65273111111111,unnatural,0,0,71,0
USER21,reflection,"org.apache.hadoop.yarn.webapp.hamlet.HamletGen.genAttributeMethod(java.lang.String,java.lang.reflect.Method,int)",hadoop-main,bottom,0,0,natural,7.67184038461538,unnatural,0.333333333333333,1,1722,0.666666666666667
USER21,reflection,"org.apache.hadoop.ipc.CallQueueManager.createCallQueueInstance(java.lang.Class<T>,int,int,java.lang.String,org.apache.hadoop.conf.Configuration)",hadoop-main,bottom,0,0,natural,7.64272692307692,unnatural,1,1,300,0
USER21,servlet,com.google.inject.servlet.ManagedServletPipeline.getRequestDispatcher(java.lang.String),guice-parent,medium,0.6,3,unnatural,8.882314,unnatural,0.333333333333333,1,608,0.666666666666667
USER21,servlet,"org.springframework.web.multipart.support.MultipartFilter.doFilterInternal(javax.servlet.http.HttpServletRequest,javax.servlet.http.HttpServletResponse,javax.servlet.FilterChain)",spring-framework-master,medium,0.6,3,unnatural,8.0791152173913,unnatural,0.666666666666667,1,819,0.333333333333333
USER21,servlet,"com.google.refine.commands.cell.TransposeColumnsIntoRowsCommand.doPost(javax.servlet.http.HttpServletRequest,javax.servlet.http.HttpServletResponse)",openrefine,medium,0.6,3,natural,6.77228115384615,natural,0,0,42,0
USER21,servlet,"org.apache.hadoop.yarn.server.timelineservice.reader.TimelineReaderWebServices.getEntities(javax.servlet.http.HttpServletRequest,javax.servlet.http.HttpServletResponse,java.lang.String,java.lang.String,java.lang.String,java.lang.String,java.lang.String,java.lang.String,java.lang.String,java.lang.String,java.lang.String,java.lang.String,java.lang.String,java.lang.String,java.lang.String,java.lang.String,java.lang.String,java.lang.String,java.lang.String,java.lang.String,java.lang.String,java.lang.String,java.lang.String)",hadoop-main,medium,0.6,3,natural,7.55555,unnatural,1,1,196,0
USER22,files,com.hankcs.hanlp.dictionary.CoreBiGramTableDictionary.loadDat(java.lang.String),hanlp,medium,0.8,4,natural,6.68744941176471,natural,0,0,166,0
USER22,files,"org.apache.hadoop.io.nativeio.NativeIO.getCreateForWriteFileOutputStream(java.io.File,int)",hadoop-main,medium,0.8,4,unnatural,8.76727851851852,unnatural,1,1,229,0
USER22,reflection,"org.apache.hadoop.yarn.webapp.hamlet.HamletGen.genAttributeMethod(java.lang.String,java.lang.reflect.Method,int)",hadoop-main,bottom,0,0,natural,7.67184038461538,unnatural,1,1,539,0
USER22,reflection,com.netflix.hystrix.contrib.javanica.utils.FallbackMethod.validateReturnType(java.lang.reflect.Method),Hystrix-master,bottom,0,0,unnatural,7.65273111111111,unnatural,0,0,45,0
USER22,servlet,"org.apache.hadoop.yarn.server.timelineservice.reader.TimelineReaderWebServices.getEntities(javax.servlet.http.HttpServletRequest,javax.servlet.http.HttpServletResponse,java.lang.String,java.lang.String,java.lang.String,java.lang.String,java.lang.String,java.lang.String,java.lang.String,java.lang.String,java.lang.String,java.lang.String,java.lang.String,java.lang.String,java.lang.String,java.lang.String,java.lang.String,java.lang.String,java.lang.String,java.lang.String,java.lang.String,java.lang.String,java.lang.String)",hadoop-main,top,1,3,natural,7.55555,unnatural,1,1,184,0
USER22,servlet,com.google.inject.servlet.ManagedServletPipeline.getRequestDispatcher(java.lang.String),guice-parent,top,1,3,unnatural,8.882314,unnatural,0.333333333333333,1,461,0.666666666666667
USER23,collections,org.elasticsearch.search.aggregations.bucket.GeoDistanceIT.setupSuiteScopeCluster(),elasticsearch-master,medium,0.6,1,natural,5.38773074074074,natural,0.666666666666667,1,241,0.333333333333333
USER23,collections,org.elasticsearch.xpack.test.rest.XPackRestIT.disableMonitoring(),elasticsearch-master,medium,0.6,1,natural,6.26288685714285,natural,0,0,4,0
USER23,collections,com.google.devtools.build.lib.packages.SkylarkSemanticsOptions.toSkylarkSemantics(),bazel-master,medium,0.6,1,unnatural,7.55630666666667,unnatural,0,0,8,0
USER23,collections,com.google.devtools.build.lib.rules.apple.AppleConfiguration.getMultiArchPlatform(com.google.devtools.build.lib.rules.apple.ApplePlatform.PlatformType),bazel-master,medium,0.6,1,unnatural,8.1631596,unnatural,0,0,4,0
USER23,files,"org.apache.hadoop.io.nativeio.NativeIO.getCreateForWriteFileOutputStream(java.io.File,int)",hadoop-main,top,1,2,unnatural,8.76727851851852,unnatural,0.333333333333333,1,209,0.666666666666667
USER23,files,com.hankcs.hanlp.dictionary.CoreBiGramTableDictionary.loadDat(java.lang.String),hanlp,top,1,2,natural,6.68744941176471,natural,0.333333333333333,1,230,0.666666666666667
USER23,files,"com.google.devtools.build.android.AndroidResourceProcessor.processResources(java.nio.file.Path,java.nio.file.Path,java.nio.file.Path,com.android.repository.Revision,com.android.builder.core.VariantType,boolean,java.lang.String,com.android.builder.model.AaptOptions,java.util.Collection<java.lang.String>,java.util.Collection<java.lang.String>,com.google.devtools.build.android.MergedAndroidData,java.util.List<com.google.devtools.build.android.DependencyAndroidData>,java.nio.file.Path,java.nio.file.Path,java.nio.file.Path,java.nio.file.Path,java.nio.file.Path,java.nio.file.Path)",bazel-master,top,1,2,unnatural,7.366425,natural,0,0,5,0
USER23,files,org.apache.hadoop.minikdc.MiniKdc.main(java.lang.String[]),hadoop-main,top,1,2,natural,6.18999983333333,natural,0,0,17,0
USER23,reflection,com.google.common.reflect.TypeToken.isSubtypeOf(java.lang.reflect.Type),guava-parent,bottom,0,0,unnatural,7.93153851851851,unnatural,0.666666666666667,1,174,0.333333333333333
USER23,reflection,com.netflix.hystrix.contrib.javanica.utils.FallbackMethod.validateReturnType(java.lang.reflect.Method),Hystrix-master,bottom,0,0,unnatural,7.65273111111111,unnatural,0,0,267,0
USER23,reflection,"org.apache.hadoop.ipc.CallQueueManager.createCallQueueInstance(java.lang.Class<T>,int,int,java.lang.String,org.apache.hadoop.conf.Configuration)",hadoop-main,bottom,0,0,natural,7.64272692307692,unnatural,0,0,6,0
USER23,reflection,"org.apache.hadoop.yarn.webapp.hamlet.HamletGen.genAttributeMethod(java.lang.String,java.lang.reflect.Method,int)",hadoop-main,bottom,0,0,natural,7.67184038461538,unnatural,0,0,35,0
USER24,gui,"org.imgscalr.Scalr.crop(java.awt.image.BufferedImage,int,int,int,int,java.awt.image.BufferedImageOp...)",bytecode-viewer-master,medium,0.8,4,natural,6.49169222222222,natural,1,1,497,0
USER24,gui,jadx.gui.utils.TextStandardActions.initActions(),jadx-master,medium,0.8,4,unnatural,7.659966875,unnatural,0.333333333333333,1,780,0.666666666666667
USER24,reflection,"org.apache.hadoop.yarn.webapp.hamlet.HamletGen.genAttributeMethod(java.lang.String,java.lang.reflect.Method,int)",hadoop-main,bottom,0,1,natural,7.67184038461538,unnatural,1,1,30,0
USER24,reflection,com.netflix.hystrix.contrib.javanica.utils.FallbackMethod.validateReturnType(java.lang.reflect.Method),Hystrix-master,bottom,0,1,unnatural,7.65273111111111,unnatural,0,0,547,0
USER24,servlet,com.google.inject.servlet.ManagedServletPipeline.getRequestDispatcher(java.lang.String),guice-parent,top,0.8,4,unnatural,8.882314,unnatural,0.666666666666667,1,763,0.333333333333333
USER24,servlet,"com.google.refine.commands.recon.ReconJudgeSimilarCellsCommand.createOperation(com.google.refine.model.Project,javax.servlet.http.HttpServletRequest,com.google.refine.browsing.EngineConfig)",openrefine,top,0.8,4,natural,5.89478,natural,1,1,1181,0
USER25,files,"org.apache.hadoop.io.nativeio.NativeIO.getCreateForWriteFileOutputStream(java.io.File,int)",hadoop-main,medium,0.8,3,unnatural,8.76727851851852,unnatural,1,1,197,0
USER25,files,com.hankcs.hanlp.dictionary.CoreBiGramTableDictionary.loadDat(java.lang.String),hanlp,medium,0.8,3,natural,6.68744941176471,natural,0.666666666666667,1,37,0.333333333333333
USER25,files,"com.google.devtools.build.android.AndroidResourceProcessor.processResources(java.nio.file.Path,java.nio.file.Path,java.nio.file.Path,com.android.repository.Revision,com.android.builder.core.VariantType,boolean,java.lang.String,com.android.builder.model.AaptOptions,java.util.Collection<java.lang.String>,java.util.Collection<java.lang.String>,com.google.devtools.build.android.MergedAndroidData,java.util.List<com.google.devtools.build.android.DependencyAndroidData>,java.nio.file.Path,java.nio.file.Path,java.nio.file.Path,java.nio.file.Path,java.nio.file.Path,java.nio.file.Path)",bazel-master,medium,0.8,3,unnatural,7.366425,natural,0.666666666666667,1,143,0.333333333333333
USER25,files,org.apache.hadoop.minikdc.MiniKdc.main(java.lang.String[]),hadoop-main,medium,0.8,3,natural,6.18999983333333,natural,1,1,105,0
USER25,gui,jadx.gui.utils.TextStandardActions.initActions(),jadx-master,bottom,0,0,unnatural,7.659966875,unnatural,0.666666666666667,1,275,0.333333333333333
USER25,gui,"org.imgscalr.Scalr.crop(java.awt.image.BufferedImage,int,int,int,int,java.awt.image.BufferedImageOp...)",bytecode-viewer-master,bottom,0,0,natural,6.49169222222222,natural,0.666666666666667,1,252,0.333333333333333
USER25,gui,com.badlogic.gdx.tools.flame.GradientPanel.initializeComponents(),gdx-parent,bottom,0,0,unnatural,8.6665790909091,unnatural,0.333333333333333,1,424,0.666666666666667
USER25,gui,"org.jfree.chart.axis.MarkerAxisBand.draw(java.awt.Graphics2D,java.awt.geom.Rectangle2D,java.awt.geom.Rectangle2D,double,double)",jfreechart,bottom,0,0,natural,7.39376380952381,natural,0,1,292,1
USER25,jdbc,com.alibaba.druid.pool.DruidPooledPreparedStatement.close(),druid,top,1,2,unnatural,8.27918970588235,unnatural,1,1,353,0
USER25,jdbc,"com.alibaba.druid.benckmark.pool.Oracle_Case4.p0(javax.sql.DataSource,java.lang.String,int)",druid,top,1,2,natural,6.52302311111111,natural,1,1,207,0
USER25,jdbc,com.zaxxer.hikari.pool.PoolBase.setupConnection(java.sql.Connection),HikariCP,top,1,2,unnatural,8.82774580645161,unnatural,0.333333333333333,1,201,0.666666666666667
USER25,jdbc,"com.alibaba.druid.benckmark.pool.CaseKylin_mysql.p0(javax.sql.DataSource,java.lang.String,int)",druid,top,1,2,natural,6.39591236842105,natural,1,1,272,0
USER26,files,org.apache.hadoop.minikdc.MiniKdc.main(java.lang.String[]),hadoop-main,top,0.8,3,natural,6.18999983333333,natural,0.666666666666667,1,205,0.333333333333333
USER26,files,com.hankcs.hanlp.dictionary.CoreBiGramTableDictionary.loadDat(java.lang.String),hanlp,top,0.8,3,natural,6.68744941176471,natural,0,0,362,0
USER26,files,"org.apache.hadoop.io.nativeio.NativeIO.getCreateForWriteFileOutputStream(java.io.File,int)",hadoop-main,top,0.8,3,unnatural,8.76727851851852,unnatural,1,1,132,0
USER26,files,"com.google.devtools.build.android.AndroidResourceProcessor.processResources(java.nio.file.Path,java.nio.file.Path,java.nio.file.Path,com.android.repository.Revision,com.android.builder.core.VariantType,boolean,java.lang.String,com.android.builder.model.AaptOptions,java.util.Collection<java.lang.String>,java.util.Collection<java.lang.String>,com.google.devtools.build.android.MergedAndroidData,java.util.List<com.google.devtools.build.android.DependencyAndroidData>,java.nio.file.Path,java.nio.file.Path,java.nio.file.Path,java.nio.file.Path,java.nio.file.Path,java.nio.file.Path)",bazel-master,top,0.8,3,unnatural,7.366425,natural,0,0,11,0
USER26,reflection,"org.apache.hadoop.yarn.webapp.hamlet.HamletGen.genAttributeMethod(java.lang.String,java.lang.reflect.Method,int)",hadoop-main,bottom,0,0,natural,7.67184038461538,unnatural,0,0,70,0
USER26,reflection,com.google.common.reflect.TypeToken.isSubtypeOf(java.lang.reflect.Type),guava-parent,bottom,0,0,unnatural,7.93153851851851,unnatural,0,0,56,0
USER26,reflection,com.netflix.hystrix.contrib.javanica.utils.FallbackMethod.validateReturnType(java.lang.reflect.Method),Hystrix-master,bottom,0,0,unnatural,7.65273111111111,unnatural,0,0,64,0
USER26,reflection,"org.apache.hadoop.ipc.CallQueueManager.createCallQueueInstance(java.lang.Class<T>,int,int,java.lang.String,org.apache.hadoop.conf.Configuration)",hadoop-main,bottom,0,0,natural,7.64272692307692,unnatural,0,0,18,0
USER26,thread,org.elasticsearch.xpack.ml.integration.DatafeedConfigProviderIT.testMultipleCreateAndDeletes(),elasticsearch-master,medium,0.8,3,natural,5.0681552173913,natural,0,0,34,0
USER26,thread,com.lmax.disruptor.support.FizzBuzzQueueProcessor.run(),disruptor-master,medium,0.8,3,unnatural,8.44858142857143,unnatural,0.666666666666667,1,254,0.333333333333333
USER26,thread,com.alibaba.druid.wall.WallTableStat.addSqlTableStat(com.alibaba.druid.wall.WallSqlTableStat),druid,medium,0.8,3,unnatural,10.6712916129032,unnatural,0.666666666666667,1,431,0.333333333333333
USER26,thread,org.elasticsearch.xpack.ml.integration.JobConfigProviderIT.testCrud(),elasticsearch-master,medium,0.8,3,natural,5.0985105,natural,0,0,10,0
USER27,files,com.hankcs.hanlp.dictionary.CoreBiGramTableDictionary.loadDat(java.lang.String),hanlp,medium,0.8,2,natural,6.68744941176471,natural,0.666666666666667,1,1832,0.333333333333333
USER27,files,org.apache.hadoop.minikdc.MiniKdc.main(java.lang.String[]),hadoop-main,medium,0.8,2,natural,6.18999983333333,natural,0,0,222,0
USER27,files,"org.apache.hadoop.io.nativeio.NativeIO.getCreateForWriteFileOutputStream(java.io.File,int)",hadoop-main,medium,0.8,2,unnatural,8.76727851851852,unnatural,1,1,1291,0
USER27,files,"com.google.devtools.build.android.AndroidResourceProcessor.processResources(java.nio.file.Path,java.nio.file.Path,java.nio.file.Path,com.android.repository.Revision,com.android.builder.core.VariantType,boolean,java.lang.String,com.android.builder.model.AaptOptions,java.util.Collection<java.lang.String>,java.util.Collection<java.lang.String>,com.google.devtools.build.android.MergedAndroidData,java.util.List<com.google.devtools.build.android.DependencyAndroidData>,java.nio.file.Path,java.nio.file.Path,java.nio.file.Path,java.nio.file.Path,java.nio.file.Path,java.nio.file.Path)",bazel-master,medium,0.8,2,unnatural,7.366425,natural,0,0,5,0
USER27,reflection,retrofit2.Utils.getRawType(java.lang.reflect.Type),parent,top,0.8,1,natural,7.21756956521739,natural,0.333333333333333,1,555,0.666666666666667
USER27,reflection,com.netflix.hystrix.contrib.javanica.utils.FallbackMethod.validateReturnType(java.lang.reflect.Method),Hystrix-master,top,0.8,1,unnatural,7.65273111111111,unnatural,0,0,58,0
USER27,reflection,"com.oracle.svm.hosted.analysis.Inflation.fillAnnotatedSuperInfo(com.oracle.graal.pointsto.meta.AnalysisType,com.oracle.svm.core.hub.DynamicHub)",graal-master,top,0.8,1,unnatural,8.36317478260869,unnatural,0,0,819,0
USER27,reflection,com.google.gson.internal.$Gson$Types.getRawType(java.lang.reflect.Type),gson-parent,top,0.8,1,natural,7.3456868,natural,0,0,5,0
USER27,thread,com.alibaba.druid.wall.WallTableStat.addSqlTableStat(com.alibaba.druid.wall.WallSqlTableStat),druid,bottom,0.4,3,unnatural,10.6712916129032,unnatural,0,1,973,1
USER27,thread,"com.oracle.svm.core.MonitorSupport.getOrCreateMonitor(java.lang.Object,boolean)",graal-master,bottom,0.4,3,unnatural,8.39932612903226,unnatural,0,0,58,0
USER27,thread,org.elasticsearch.xpack.ml.integration.JobConfigProviderIT.testCrud(),elasticsearch-master,bottom,0.4,3,natural,5.0985105,natural,0,0,73,0
USER27,thread,org.elasticsearch.xpack.ml.integration.DatafeedConfigProviderIT.testMultipleCreateAndDeletes(),elasticsearch-master,bottom,0.4,3,natural,5.0681552173913,natural,0.666666666666667,1,1148,0.333333333333333
USER28,collections,com.google.devtools.build.lib.rules.apple.AppleConfiguration.getMultiArchPlatform(com.google.devtools.build.lib.rules.apple.ApplePlatform.PlatformType),bazel-master,medium,1,4,unnatural,8.1631596,unnatural,0.666666666666667,1,90,0.333333333333333
USER28,collections,org.elasticsearch.search.aggregations.bucket.GeoDistanceIT.setupSuiteScopeCluster(),elasticsearch-master,medium,1,4,natural,5.38773074074074,natural,0.333333333333333,1,104,0.666666666666667
USER28,collections,org.elasticsearch.xpack.test.rest.XPackRestIT.disableMonitoring(),elasticsearch-master,medium,1,4,natural,6.26288685714285,natural,0.666666666666667,1,116,0.333333333333333
USER28,collections,com.google.devtools.build.lib.packages.SkylarkSemanticsOptions.toSkylarkSemantics(),bazel-master,medium,1,4,unnatural,7.55630666666667,unnatural,0,0,46,0
USER28,files,org.apache.hadoop.minikdc.MiniKdc.main(java.lang.String[]),hadoop-main,top,1,4,natural,6.18999983333333,natural,0,0,0,0
USER28,files,"com.google.devtools.build.android.AndroidResourceProcessor.processResources(java.nio.file.Path,java.nio.file.Path,java.nio.file.Path,com.android.repository.Revision,com.android.builder.core.VariantType,boolean,java.lang.String,com.android.builder.model.AaptOptions,java.util.Collection<java.lang.String>,java.util.Collection<java.lang.String>,com.google.devtools.build.android.MergedAndroidData,java.util.List<com.google.devtools.build.android.DependencyAndroidData>,java.nio.file.Path,java.nio.file.Path,java.nio.file.Path,java.nio.file.Path,java.nio.file.Path,java.nio.file.Path)",bazel-master,top,1,4,unnatural,7.366425,natural,0,0,3,0
USER28,files,com.hankcs.hanlp.dictionary.CoreBiGramTableDictionary.loadDat(java.lang.String),hanlp,top,1,4,natural,6.68744941176471,natural,0.333333333333333,1,76,0.666666666666667
USER28,files,"org.apache.hadoop.io.nativeio.NativeIO.getCreateForWriteFileOutputStream(java.io.File,int)",hadoop-main,top,1,4,unnatural,8.76727851851852,unnatural,0.666666666666667,1,269,0.333333333333333
USER28,reflection,"org.apache.hadoop.ipc.CallQueueManager.createCallQueueInstance(java.lang.Class<T>,int,int,java.lang.String,org.apache.hadoop.conf.Configuration)",hadoop-main,bottom,0,0,natural,7.64272692307692,unnatural,0,0,11,0
USER28,reflection,"org.apache.hadoop.yarn.webapp.hamlet.HamletGen.genAttributeMethod(java.lang.String,java.lang.reflect.Method,int)",hadoop-main,bottom,0,0,natural,7.67184038461538,unnatural,0.666666666666667,1,139,0.333333333333333
USER28,reflection,com.netflix.hystrix.contrib.javanica.utils.FallbackMethod.validateReturnType(java.lang.reflect.Method),Hystrix-master,bottom,0,0,unnatural,7.65273111111111,unnatural,0,0,52,0
USER28,reflection,"com.oracle.svm.hosted.analysis.Inflation.fillAnnotatedSuperInfo(com.oracle.graal.pointsto.meta.AnalysisType,com.oracle.svm.core.hub.DynamicHub)",graal-master,bottom,0,0,unnatural,8.36317478260869,unnatural,0,0,2,0
USER29,files,"org.apache.hadoop.io.nativeio.NativeIO.getCreateForWriteFileOutputStream(java.io.File,int)",hadoop-main,top,0.8,1,unnatural,8.76727851851852,unnatural,0.666666666666667,1,100,0.333333333333333
USER29,files,com.hankcs.hanlp.dictionary.CoreBiGramTableDictionary.loadDat(java.lang.String),hanlp,top,0.8,1,natural,6.68744941176471,natural,0.666666666666667,1,145,0.333333333333333
USER29,files,org.apache.hadoop.minikdc.MiniKdc.main(java.lang.String[]),hadoop-main,top,0.8,1,natural,6.18999983333333,natural,0,0,17,0
USER29,files,"com.google.devtools.build.android.AndroidResourceProcessor.processResources(java.nio.file.Path,java.nio.file.Path,java.nio.file.Path,com.android.repository.Revision,com.android.builder.core.VariantType,boolean,java.lang.String,com.android.builder.model.AaptOptions,java.util.Collection<java.lang.String>,java.util.Collection<java.lang.String>,com.google.devtools.build.android.MergedAndroidData,java.util.List<com.google.devtools.build.android.DependencyAndroidData>,java.nio.file.Path,java.nio.file.Path,java.nio.file.Path,java.nio.file.Path,java.nio.file.Path,java.nio.file.Path)",bazel-master,top,0.8,1,unnatural,7.366425,natural,0.333333333333333,1,220,0.666666666666667
USER29,socket,"io.vertx.core.net.impl.SSLHelper.createUntrustRevokedCertTrustManager(javax.net.ssl.TrustManager[],java.util.ArrayList<java.security.cert.CRL>)",vertx-core,bottom,0,0,unnatural,8.46825787878788,unnatural,0,0,63,0
USER29,socket,jenkins.security.security218.ysoserial.exploit.JSF.main(java.lang.String[]),jenkins-parent,bottom,0,0,natural,5.94756625,natural,0.333333333333333,1,607,0.666666666666667
USER29,socket,org.apache.hadoop.ozone.web.ozShell.OzoneAddress.createClient(org.apache.hadoop.hdds.conf.OzoneConfiguration),hadoop-main,bottom,0,0,unnatural,8.31837324324324,unnatural,0,0,31,0
USER29,socket,org.apache.hadoop.security.authentication.examples.WhoClient.main(java.lang.String[]),hadoop-main,bottom,0,0,natural,5.99106482758621,natural,0.666666666666667,1,229,0.333333333333333
USER29,thread,org.elasticsearch.xpack.ml.integration.JobConfigProviderIT.testCrud(),elasticsearch-master,medium,0.6,4,natural,5.0985105,natural,0,0,23,0
USER29,thread,com.lmax.disruptor.support.FizzBuzzQueueProcessor.run(),disruptor-master,medium,0.6,4,unnatural,8.44858142857143,unnatural,0.333333333333333,1,251,0.666666666666667
USER29,thread,org.elasticsearch.xpack.ml.integration.DatafeedConfigProviderIT.testMultipleCreateAndDeletes(),elasticsearch-master,medium,0.6,4,natural,5.0681552173913,natural,0,0,12,0
USER29,thread,com.alibaba.druid.wall.WallTableStat.addSqlTableStat(com.alibaba.druid.wall.WallSqlTableStat),druid,medium,0.6,4,unnatural,10.6712916129032,unnatural,0.333333333333333,1,117,0.666666666666667
USER30,collections,com.google.devtools.build.lib.rules.apple.AppleConfiguration.getMultiArchPlatform(com.google.devtools.build.lib.rules.apple.ApplePlatform.PlatformType),bazel-master,bottom,0,0,unnatural,8.1631596,unnatural,0,0,10,0
USER30,collections,org.elasticsearch.search.aggregations.bucket.GeoDistanceIT.setupSuiteScopeCluster(),elasticsearch-master,bottom,0,0,natural,5.38773074074074,natural,0.333333333333333,1,98,0.666666666666667
USER30,collections,org.elasticsearch.xpack.test.rest.XPackRestIT.disableMonitoring(),elasticsearch-master,bottom,0,0,natural,6.26288685714285,natural,0,0,5,0
USER30,collections,com.google.devtools.build.lib.packages.SkylarkSemanticsOptions.toSkylarkSemantics(),bazel-master,bottom,0,0,unnatural,7.55630666666667,unnatural,0,0,75,0
USER30,files,com.hankcs.hanlp.dictionary.CoreBiGramTableDictionary.loadDat(java.lang.String),hanlp,top,0.6,1,natural,6.68744941176471,natural,1,1,292,0
USER30,files,org.apache.hadoop.minikdc.MiniKdc.main(java.lang.String[]),hadoop-main,top,0.6,1,natural,6.18999983333333,natural,0,0,6,0
USER30,files,"org.apache.hadoop.io.nativeio.NativeIO.getCreateForWriteFileOutputStream(java.io.File,int)",hadoop-main,top,0.6,1,unnatural,8.76727851851852,unnatural,0,0,4,0
USER30,files,"com.google.devtools.build.android.AndroidResourceProcessor.processResources(java.nio.file.Path,java.nio.file.Path,java.nio.file.Path,com.android.repository.Revision,com.android.builder.core.VariantType,boolean,java.lang.String,com.android.builder.model.AaptOptions,java.util.Collection<java.lang.String>,java.util.Collection<java.lang.String>,com.google.devtools.build.android.MergedAndroidData,java.util.List<com.google.devtools.build.android.DependencyAndroidData>,java.nio.file.Path,java.nio.file.Path,java.nio.file.Path,java.nio.file.Path,java.nio.file.Path,java.nio.file.Path)",bazel-master,top,0.6,1,unnatural,7.366425,natural,0,0,6,0
USER30,gui,jadx.gui.utils.TextStandardActions.initActions(),jadx-master,medium,0.4,1,unnatural,7.659966875,unnatural,0,0,4,0
USER30,gui,"org.jfree.chart.axis.MarkerAxisBand.draw(java.awt.Graphics2D,java.awt.geom.Rectangle2D,java.awt.geom.Rectangle2D,double,double)",jfreechart,medium,0.4,1,natural,7.39376380952381,natural,0,0,24,0
USER30,gui,com.badlogic.gdx.tools.flame.GradientPanel.initializeComponents(),gdx-parent,medium,0.4,1,unnatural,8.6665790909091,unnatural,0,1,115,1
USER30,gui,jadx.gui.ui.AboutDialog.initUI(),jadx-master,medium,0.4,1,natural,6.40075236842105,natural,0.333333333333333,1,133,0.666666666666667
USER31,files,com.hankcs.hanlp.dictionary.CoreBiGramTableDictionary.loadDat(java.lang.String),hanlp,top,0.6,1,natural,6.68744941176471,natural,0,0,7,0
USER31,files,"org.apache.hadoop.io.nativeio.NativeIO.getCreateForWriteFileOutputStream(java.io.File,int)",hadoop-main,top,0.6,1,unnatural,8.76727851851852,unnatural,0.333333333333333,1,212,0.666666666666667
USER31,files,org.apache.hadoop.minikdc.MiniKdc.main(java.lang.String[]),hadoop-main,top,0.6,1,natural,6.18999983333333,natural,0,0,4,0
USER31,files,"com.google.devtools.build.android.AndroidResourceProcessor.processResources(java.nio.file.Path,java.nio.file.Path,java.nio.file.Path,com.android.repository.Revision,com.android.builder.core.VariantType,boolean,java.lang.String,com.android.builder.model.AaptOptions,java.util.Collection<java.lang.String>,java.util.Collection<java.lang.String>,com.google.devtools.build.android.MergedAndroidData,java.util.List<com.google.devtools.build.android.DependencyAndroidData>,java.nio.file.Path,java.nio.file.Path,java.nio.file.Path,java.nio.file.Path,java.nio.file.Path,java.nio.file.Path)",bazel-master,top,0.6,1,unnatural,7.366425,natural,0,0,5,0
USER31,gui,"org.imgscalr.Scalr.crop(java.awt.image.BufferedImage,int,int,int,int,java.awt.image.BufferedImageOp...)",bytecode-viewer-master,medium,0.4,2,natural,6.49169222222222,natural,0,0,9,0
USER31,gui,com.badlogic.gdx.tools.flame.GradientPanel.initializeComponents(),gdx-parent,medium,0.4,2,unnatural,8.6665790909091,unnatural,0,1,64,1
USER31,gui,jadx.gui.utils.TextStandardActions.initActions(),jadx-master,medium,0.4,2,unnatural,7.659966875,unnatural,0,0,6,0
USER31,gui,"org.jfree.chart.axis.MarkerAxisBand.draw(java.awt.Graphics2D,java.awt.geom.Rectangle2D,java.awt.geom.Rectangle2D,double,double)",jfreechart,medium,0.4,2,natural,7.39376380952381,natural,0,0,1,0
USER31,socket,org.apache.hadoop.ozone.web.ozShell.OzoneAddress.createClient(org.apache.hadoop.hdds.conf.OzoneConfiguration),hadoop-main,bottom,0.2,1,unnatural,8.31837324324324,unnatural,0,0,9,0
USER31,socket,org.apache.hadoop.security.authentication.examples.WhoClient.main(java.lang.String[]),hadoop-main,bottom,0.2,1,natural,5.99106482758621,natural,0,0,3,0
USER31,socket,"io.vertx.core.net.impl.SSLHelper.createUntrustRevokedCertTrustManager(javax.net.ssl.TrustManager[],java.util.ArrayList<java.security.cert.CRL>)",vertx-core,bottom,0.2,1,unnatural,8.46825787878788,unnatural,0,0,7,0
USER31,socket,jenkins.security.security218.ysoserial.exploit.JSF.main(java.lang.String[]),jenkins-parent,bottom,0.2,1,natural,5.94756625,natural,0,0,9,0
USER32,collections,com.google.devtools.build.lib.rules.apple.AppleConfiguration.getMultiArchPlatform(com.google.devtools.build.lib.rules.apple.ApplePlatform.PlatformType),bazel-master,bottom,0,0,unnatural,8.1631596,unnatural,0.666666666666667,1,274,0.333333333333333
USER32,collections,org.elasticsearch.search.aggregations.bucket.GeoDistanceIT.setupSuiteScopeCluster(),elasticsearch-master,bottom,0,0,natural,5.38773074074074,natural,0,0,90,0
USER32,collections,org.elasticsearch.xpack.test.rest.XPackRestIT.disableMonitoring(),elasticsearch-master,bottom,0,0,natural,6.26288685714285,natural,0,0,32,0
USER32,collections,com.google.devtools.build.lib.packages.SkylarkSemanticsOptions.toSkylarkSemantics(),bazel-master,bottom,0,0,unnatural,7.55630666666667,unnatural,0.666666666666667,1,353,0.333333333333333
USER32,servlet,com.google.inject.servlet.ManagedServletPipeline.getRequestDispatcher(java.lang.String),guice-parent,top,0.8,1,unnatural,8.882314,unnatural,0,0,9,0
USER32,servlet,"org.apache.hadoop.yarn.server.timelineservice.reader.TimelineReaderWebServices.getEntities(javax.servlet.http.HttpServletRequest,javax.servlet.http.HttpServletResponse,java.lang.String,java.lang.String,java.lang.String,java.lang.String,java.lang.String,java.lang.String,java.lang.String,java.lang.String,java.lang.String,java.lang.String,java.lang.String,java.lang.String,java.lang.String,java.lang.String,java.lang.String,java.lang.String,java.lang.String,java.lang.String,java.lang.String,java.lang.String,java.lang.String)",hadoop-main,top,0.8,1,natural,7.55555,unnatural,0,0,34,0
USER32,servlet,"com.google.refine.commands.recon.ReconJudgeSimilarCellsCommand.createOperation(com.google.refine.model.Project,javax.servlet.http.HttpServletRequest,com.google.refine.browsing.EngineConfig)",openrefine,top,0.8,1,natural,5.89478,natural,0,0,6,0
USER32,servlet,"com.google.refine.commands.project.ImportProjectCommand.doPost(javax.servlet.http.HttpServletRequest,javax.servlet.http.HttpServletResponse)",openrefine,top,0.8,1,unnatural,7.97963931034483,unnatural,0.333333333333333,1,340,0.666666666666667
USER32,socket,"io.vertx.core.net.impl.SSLHelper.createUntrustRevokedCertTrustManager(javax.net.ssl.TrustManager[],java.util.ArrayList<java.security.cert.CRL>)",vertx-core,medium,0.4,1,unnatural,8.46825787878788,unnatural,0.666666666666667,1,726,0.333333333333333
USER32,socket,jenkins.security.security218.ysoserial.exploit.JSF.main(java.lang.String[]),jenkins-parent,medium,0.4,1,natural,5.94756625,natural,0.333333333333333,1,571,0.666666666666667
USER32,socket,"org.apache.hadoop.fs.s3native.S3xLoginHelper.checkPath(org.apache.hadoop.conf.Configuration,java.net.URI,org.apache.hadoop.fs.Path,int)",hadoop-main,medium,0.4,1,unnatural,7.643426,unnatural,0,0,10,0
USER32,socket,org.apache.hadoop.security.authentication.examples.WhoClient.main(java.lang.String[]),hadoop-main,medium,0.4,1,natural,5.99106482758621,natural,0,0,49,0
USER33,gui,"org.imgscalr.Scalr.crop(java.awt.image.BufferedImage,int,int,int,int,java.awt.image.BufferedImageOp...)",bytecode-viewer-master,medium,0.8,2,natural,6.49169222222222,natural,0.666666666666667,1,251,0.333333333333333
USER33,gui,com.badlogic.gdx.tools.flame.GradientPanel.initializeComponents(),gdx-parent,medium,0.8,2,unnatural,8.6665790909091,unnatural,0,0,3,0
USER33,gui,jadx.gui.utils.TextStandardActions.initActions(),jadx-master,medium,0.8,2,unnatural,7.659966875,unnatural,0.666666666666667,1,221,0.333333333333333
USER33,gui,"org.jfree.chart.axis.MarkerAxisBand.draw(java.awt.Graphics2D,java.awt.geom.Rectangle2D,java.awt.geom.Rectangle2D,double,double)",jfreechart,medium,0.8,2,natural,7.39376380952381,natural,0,0,178,0
USER33,reflection,"org.apache.hadoop.yarn.webapp.hamlet.HamletGen.genAttributeMethod(java.lang.String,java.lang.reflect.Method,int)",hadoop-main,bottom,0,0,natural,7.67184038461538,unnatural,0,0,31,0
USER33,reflection,"com.oracle.svm.hosted.analysis.Inflation.fillAnnotatedSuperInfo(com.oracle.graal.pointsto.meta.AnalysisType,com.oracle.svm.core.hub.DynamicHub)",graal-master,bottom,0,0,unnatural,8.36317478260869,unnatural,0,0,38,0
USER33,reflection,"org.apache.hadoop.ipc.CallQueueManager.createCallQueueInstance(java.lang.Class<T>,int,int,java.lang.String,org.apache.hadoop.conf.Configuration)",hadoop-main,bottom,0,0,natural,7.64272692307692,unnatural,0,0,96,0
USER33,reflection,com.google.common.reflect.TypeToken.isSubtypeOf(java.lang.reflect.Type),guava-parent,bottom,0,0,unnatural,7.93153851851851,unnatural,0.666666666666667,1,367,0.333333333333333
USER33,servlet,"com.google.refine.commands.recon.ReconJudgeSimilarCellsCommand.createOperation(com.google.refine.model.Project,javax.servlet.http.HttpServletRequest,com.google.refine.browsing.EngineConfig)",openrefine,top,1,2,natural,5.89478,natural,1,1,304,0
USER33,servlet,"org.springframework.web.servlet.mvc.method.annotation.RequestMappingHandlerAdapter.handleInternal(javax.servlet.http.HttpServletRequest,javax.servlet.http.HttpServletResponse,org.springframework.web.method.HandlerMethod)",spring-framework-master,top,1,2,unnatural,8.91582357142857,unnatural,0,0,2,0
USER33,servlet,"org.apache.hadoop.yarn.server.timelineservice.reader.TimelineReaderWebServices.getEntities(javax.servlet.http.HttpServletRequest,javax.servlet.http.HttpServletResponse,java.lang.String,java.lang.String,java.lang.String,java.lang.String,java.lang.String,java.lang.String,java.lang.String,java.lang.String,java.lang.String,java.lang.String,java.lang.String,java.lang.String,java.lang.String,java.lang.String,java.lang.String,java.lang.String,java.lang.String,java.lang.String,java.lang.String,java.lang.String,java.lang.String)",hadoop-main,top,1,2,natural,7.55555,unnatural,1,1,213,0
USER33,servlet,com.google.inject.servlet.ManagedServletPipeline.getRequestDispatcher(java.lang.String),guice-parent,top,1,2,unnatural,8.882314,unnatural,0,0,130,0
USER34,files,"com.google.devtools.build.android.AndroidResourceProcessor.processResources(java.nio.file.Path,java.nio.file.Path,java.nio.file.Path,com.android.repository.Revision,com.android.builder.core.VariantType,boolean,java.lang.String,com.android.builder.model.AaptOptions,java.util.Collection<java.lang.String>,java.util.Collection<java.lang.String>,com.google.devtools.build.android.MergedAndroidData,java.util.List<com.google.devtools.build.android.DependencyAndroidData>,java.nio.file.Path,java.nio.file.Path,java.nio.file.Path,java.nio.file.Path,java.nio.file.Path,java.nio.file.Path)",bazel-master,top,0.6,3,unnatural,7.366425,natural,0.333333333333333,1,69,0.666666666666667
USER34,files,com.hankcs.hanlp.dictionary.CoreBiGramTableDictionary.loadDat(java.lang.String),hanlp,top,0.6,3,natural,6.68744941176471,natural,0.333333333333333,1,136,0.666666666666667
USER34,files,"org.apache.hadoop.io.nativeio.NativeIO.getCreateForWriteFileOutputStream(java.io.File,int)",hadoop-main,top,0.6,3,unnatural,8.76727851851852,unnatural,0,0,119,0
USER34,files,org.apache.hadoop.minikdc.MiniKdc.main(java.lang.String[]),hadoop-main,top,0.6,3,natural,6.18999983333333,natural,0,0,14,0
USER34,gui,com.badlogic.gdx.tools.flame.GradientPanel.initializeComponents(),gdx-parent,medium,0.4,3,unnatural,8.6665790909091,unnatural,0,0,11,0
USER34,gui,"org.imgscalr.Scalr.crop(java.awt.image.BufferedImage,int,int,int,int,java.awt.image.BufferedImageOp...)",bytecode-viewer-master,medium,0.4,3,natural,6.49169222222222,natural,0.666666666666667,1,184,0.333333333333333
USER34,gui,jadx.gui.utils.TextStandardActions.initActions(),jadx-master,medium,0.4,3,unnatural,7.659966875,unnatural,0.333333333333333,1,104,0.666666666666667
USER34,gui,"org.jfree.chart.axis.MarkerAxisBand.draw(java.awt.Graphics2D,java.awt.geom.Rectangle2D,java.awt.geom.Rectangle2D,double,double)",jfreechart,medium,0.4,3,natural,7.39376380952381,natural,0,1,103,1
USER34,thread,com.lmax.disruptor.support.FizzBuzzQueueProcessor.run(),disruptor-master,bottom,0.2,3,unnatural,8.44858142857143,unnatural,0.333333333333333,1,61,0.666666666666667
USER34,thread,org.elasticsearch.xpack.ml.integration.JobConfigProviderIT.testCrud(),elasticsearch-master,bottom,0.2,3,natural,5.0985105,natural,0,0,3,0
USER34,thread,org.elasticsearch.xpack.ml.integration.DatafeedConfigProviderIT.testMultipleCreateAndDeletes(),elasticsearch-master,bottom,0.2,3,natural,5.0681552173913,natural,0,0,9,0
USER34,thread,com.alibaba.druid.wall.WallTableStat.addSqlTableStat(com.alibaba.druid.wall.WallSqlTableStat),druid,bottom,0.2,3,unnatural,10.6712916129032,unnatural,0.333333333333333,1,91,0.666666666666667
USER35,collections,com.google.devtools.build.lib.rules.apple.AppleConfiguration.getMultiArchPlatform(com.google.devtools.build.lib.rules.apple.ApplePlatform.PlatformType),bazel-master,top,0.8,3,unnatural,8.1631596,unnatural,0,0,23,0
USER35,collections,org.elasticsearch.xpack.test.rest.XPackRestIT.disableMonitoring(),elasticsearch-master,top,0.8,3,natural,6.26288685714285,natural,0,0,20,0
USER35,collections,org.elasticsearch.search.aggregations.bucket.GeoDistanceIT.setupSuiteScopeCluster(),elasticsearch-master,top,0.8,3,natural,5.38773074074074,natural,0.333333333333333,1,361,0.666666666666667
USER35,collections,com.google.devtools.build.lib.packages.SkylarkSemanticsOptions.toSkylarkSemantics(),bazel-master,top,0.8,3,unnatural,7.55630666666667,unnatural,0,0,5,0
USER35,gui,jadx.gui.utils.TextStandardActions.initActions(),jadx-master,medium,0.6,2,unnatural,7.659966875,unnatural,1,1,127,0
USER35,gui,com.badlogic.gdx.tools.flame.GradientPanel.initializeComponents(),gdx-parent,medium,0.6,2,unnatural,8.6665790909091,unnatural,0,1,265,1
USER35,gui,"org.jfree.chart.axis.MarkerAxisBand.draw(java.awt.Graphics2D,java.awt.geom.Rectangle2D,java.awt.geom.Rectangle2D,double,double)",jfreechart,medium,0.6,2,natural,7.39376380952381,natural,0.333333333333333,1,264,0.666666666666667
USER35,gui,"org.imgscalr.Scalr.crop(java.awt.image.BufferedImage,int,int,int,int,java.awt.image.BufferedImageOp...)",bytecode-viewer-master,medium,0.6,2,natural,6.49169222222222,natural,0,0,129,0
USER35,servlet,"com.google.refine.commands.browsing.GetScatterplotCommand.doGet(javax.servlet.http.HttpServletRequest,javax.servlet.http.HttpServletResponse)",openrefine,bottom,0,0,natural,7.43462590909091,unnatural,0,0,10,0
USER35,servlet,com.google.inject.servlet.ManagedServletPipeline.getRequestDispatcher(java.lang.String),guice-parent,bottom,0,0,unnatural,8.882314,unnatural,0,0,11,0
USER35,servlet,"com.alibaba.druid.support.http.ResourceServlet.returnResourceFile(java.lang.String,java.lang.String,javax.servlet.http.HttpServletResponse)",druid,bottom,0,0,natural,6.8965508,natural,0,0,8,0
USER35,servlet,"org.springframework.web.servlet.mvc.method.annotation.RequestMappingHandlerAdapter.handleInternal(javax.servlet.http.HttpServletRequest,javax.servlet.http.HttpServletResponse,org.springframework.web.method.HandlerMethod)",spring-framework-master,bottom,0,0,unnatural,8.91582357142857,unnatural,0,0,27,0
